"sse","a","coeficiente_B","volatilidade","grupo","b_volatilidade","setor"
0.0469929284393484,1.08622369492949,1.42428041845573,0.711071082502435,1,1.01276461893834,"Bens Indls / Mat Transporte"
0.00784212927701114,1.04402258076966,1.12315471559139,0.887219500850496,1,0.996484766144873,"Cons N Básico / Alimentos Processados"
0.019534950149435,1.08549127646608,1.81066561801259,0.5500911722576,1,0.996031172379076,"Cons N Cíclico / Bebidas"
0.0290169618684043,1.05385142978646,1.00760315549407,0.957341975616319,1,0.964620795517929,"Cons N Cíclico / Fumo"
0.016540593735702,1.02637200756852,0.839577706550028,1.09327632656969,1,0.917890430886822,"Cons N Cíclico / Pr Pessoal Limp"
0.00693589943575595,1.038419888331,1.59786166381426,0.742330198032848,1,1.18614096532834,"Const e Transp / Constr e Engenh"
0.0207978949984536,1.07403863091179,2.14670093078791,0.468172423017716,1,1.00502617626136,"Consumo Cíclico / Tecid Vest Calç"
0.0461793101579262,1.09079567309056,1.0441776225971,0.972818983115325,1,1.01579581300668,"Utilidade Públ / Água Saneamento"
0.0446407245359071,1.08346856539201,1.47604246665935,0.672702539806173,2,0.992937516183515,"Bens Indls / Mat Transporte"
0.00863414190488736,1.03976475359758,1.19973352186132,0.824461442347295,2,0.989134029866186,"Cons N Básico / Alimentos Processados"
0.0267278763599675,1.09709150129145,1.83538849176167,0.548896408568815,2,1.00743815145652,"Cons N Cíclico / Bebidas"
0.0189689235155669,1.04909827781646,1.04140979888702,0.916982457218742,2,0.954954516355093,"Cons N Cíclico / Fumo"
0.0202603629959506,1.02753773071988,0.859851491259528,1.07177765127795,2,0.921569611749978,"Cons N Cíclico / Pr Pessoal Limp"
0.0031966588222105,1.01690123357687,1.63581709029218,0.721377528852316,2,1.18004169024936,"Const e Transp / Constr e Engenh"
0.0253248178724415,1.08086695622678,2.15356316270273,0.466547538680083,2,1.00473959295105,"Consumo Cíclico / Tecid Vest Calç"
0.0540871620523806,1.09409408218442,1.05796863602512,0.954802990656545,2,1.01015161769761,"Utilidade Públ / Água Saneamento"
0.0645152251640772,1.10120037906566,1.49428132487151,0.668051989517347,3,0.998257611979031,"Bens Indls / Mat Transporte"
0.00773976724239614,1.0361424843327,1.29241624521794,0.762592753987139,3,0.985587263738468,"Cons N Básico / Alimentos Processados"
0.0303959929113425,1.10098890877671,1.87599073033499,0.536050315082037,3,1.00562542208705,"Cons N Cíclico / Bebidas"
0.033654753851698,1.06008187910335,1.06905902420475,0.904805787630115,3,0.967290792418656,"Cons N Cíclico / Fumo"
0.024882069485209,1.020940332134,0.905078660051371,1.02263284630634,3,0.925563166259464,"Cons N Cíclico / Pr Pessoal Limp"
0.0066152112394189,1.03882781817696,1.72292124749712,0.639262856345086,3,1.10139955793264,"Const e Transp / Constr e Engenh"
0.0208865457515733,1.07440240452962,2.19846483743839,0.456518806939699,3,1.00364054468625,"Consumo Cíclico / Tecid Vest Calç"
0.0482869969827341,1.08250169143039,1.05228747401953,0.946270698631321,3,0.995748803201449,"Utilidade Públ / Água Saneamento"
0.0622451507225214,1.09535163751199,1.48547494159567,0.677513727860649,4,1.00642966532406,"Bens Indls / Mat Transporte"
0.0108189980824048,1.05741955635042,1.44690818930154,0.688874271286772,4,0.996737824523958,"Cons N Básico / Alimentos Processados"
0.0312667595252847,1.10750663824083,2.0059062877243,0.507508985247819,4,1.01801546458518,"Cons N Cíclico / Bebidas"
0.038912595034841,1.05264261031251,1.12877064666888,0.848902935973075,4,0.958216715997438,"Cons N Cíclico / Fumo"
0.0242276091400883,1.01724609406167,0.960302716499506,0.966791826997239,4,0.928412817754969,"Cons N Cíclico / Pr Pessoal Limp"
0.0141999433988078,1.05707554831786,1.8440008412875,0.542446971186192,4,1.00027267122119,"Const e Transp / Constr e Engenh"
0.0249480469697349,1.08483437032837,2.36280684776432,0.431537803302179,4,1.01964047671156,"Consumo Cíclico / Tecid Vest Calç"
0.0618547017069388,1.09332031370724,1.09377907824293,0.921079417070703,4,1.00745739579213,"Utilidade Públ / Água Saneamento"
0.0664787554097651,1.08406053951937,1.4486854101588,0.68413213834831,5,0.991092247445939,"Bens Indls / Mat Transporte"
0.0120614630447734,1.05267606183976,1.48157677922662,0.670884853865494,5,0.99396742102196,"Cons N Básico / Alimentos Processados"
0.0191783335698183,1.08965103197124,2.03942720360663,0.4951982961322,5,1.00992087631166,"Cons N Cíclico / Bebidas"
0.0253982767881451,1.03964924021092,1.1959860749684,0.801224359378687,5,0.958253176742388,"Cons N Cíclico / Fumo"
0.0304821043850965,1.02893853558015,0.984166089568498,0.947523897525355,5,0.93252088900023,"Cons N Cíclico / Pr Pessoal Limp"
0.0168969659903321,1.06076395982216,1.90776217334664,0.524743843027029,5,1.00108645442351,"Const e Transp / Constr e Engenh"
0.0203490712504017,1.08111282953643,2.40591078253224,0.423671086611127,5,1.01931483552486,"Consumo Cíclico / Tecid Vest Calç"
0.0698236290711169,1.10909268979537,1.08713980977283,0.936282568346135,5,1.01787005324543,"Utilidade Públ / Água Saneamento"
0.057735232188066,1.07620142901691,1.37113238541516,0.717286023655751,6,0.983494096640066,"Bens Indls / Mat Transporte"
0.0185444941934403,1.06037656800719,1.47414514616065,0.678096444208579,6,0.999612581858875,"Cons N Básico / Alimentos Processados"
0.0222597435167038,1.0939527748887,1.99466913789022,0.507362754532988,6,1.01202082818192,"Cons N Cíclico / Bebidas"
0.0255276923363493,1.04215798911878,1.17062370138256,0.813659676791644,6,0.952489302511569,"Cons N Cíclico / Fumo"
0.0271555665110162,1.02616016565758,0.967309968746047,0.968172222441515,6,0.936522642230693,"Cons N Cíclico / Pr Pessoal Limp"
0.0177272036653533,1.05549547378945,1.81531010737111,0.547523413318274,6,0.993924786218994,"Const e Transp / Constr e Engenh"
0.0139850978930533,1.07496214808499,2.31155836266163,0.444534056403616,6,1.02756641556767,"Consumo Cíclico / Tecid Vest Calç"
0.0613725437468511,1.0922297492918,1.03462883846413,0.974742476766174,6,1.00849667653823,"Utilidade Públ / Água Saneamento"
0.0684880417268441,1.08016089105237,1.36013483606166,0.724658757986919,7,0.985633620995183,"Bens Indls / Mat Transporte"
0.0151493730030334,1.04893682494089,1.46079713954748,0.677828130760502,7,0.990169394519755,"Cons N Básico / Alimentos Processados"
0.027645551501685,1.1010810581154,2.0323543885899,0.501605733751173,7,1.01944061433105,"Cons N Cíclico / Bebidas"
0.0287970854770499,1.05164184822597,1.14368866406144,0.832015165698401,7,0.951566313336465,"Cons N Cíclico / Fumo"
0.0381450242187469,1.02924431677767,0.945015640366403,0.983400155958194,7,0.929328528119253,"Cons N Cíclico / Pr Pessoal Limp"
0.0285484000655972,1.07574785635697,1.74138783792456,0.580456308903657,7,1.01079955677141,"Const e Transp / Constr e Engenh"
0.0204420482812943,1.08854950043992,2.38781724757962,0.435648759986058,7,1.04024962298139,"Consumo Cíclico / Tecid Vest Calç"
0.0520031766888978,1.07161052456069,1.00672897775484,0.979720867141497,7,0.986313387062447,"Utilidade Públ / Água Saneamento"
0.0644775804827572,1.07671822065328,1.35622112752647,0.724867168837482,8,0.983080169027687,"Bens Indls / Mat Transporte"
0.0136240368764985,1.05654733110507,1.44262299985699,0.694650387255348,8,1.00211862551413,"Cons N Básico / Alimentos Processados"
0.0268366112583846,1.09478470408162,2.00304439048191,0.507683498972634,8,1.01691258475736,"Cons N Cíclico / Bebidas"
0.0236108571554736,1.0574790893134,1.19755329882093,0.80483544834165,8,0.963833346169568,"Cons N Cíclico / Fumo"
0.0392561828603435,1.0412039329598,0.926461390428867,1.00711340731898,8,0.933051687664298,"Cons N Cíclico / Pr Pessoal Limp"
0.0490953914092773,1.09059629812366,1.58866549151468,0.637557180117905,8,1.01286509092072,"Const e Transp / Constr e Engenh"
0.01375384823278,1.07125565335247,2.29057793033998,0.447421928710486,8,1.02485479545439,"Consumo Cíclico / Tecid Vest Calç"
0.0500236380238502,1.0611281040713,0.922629869746175,1.05448599936844,8,0.972900280246465,"Utilidade Públ / Água Saneamento"
0.05412419695731,1.07379633575981,1.33591857353846,0.736895633018048,9,0.984432562908192,"Bens Indls / Mat Transporte"
0.00889998302097855,1.04350960630843,1.46845413075636,0.676614650745416,9,0.993577578817375,"Cons N Básico / Alimentos Processados"
0.0287971522307729,1.09431531898672,1.99746979455474,0.508742860586979,9,1.01619849721786,"Cons N Cíclico / Bebidas"
0.0347401039533837,1.06425376699319,1.26061615458892,0.768303368284142,9,0.968535637684067,"Cons N Cíclico / Fumo"
0.0434773549722356,1.04200321604623,0.93228407132411,1.00251738447643,9,0.934630988772886,"Cons N Cíclico / Pr Pessoal Limp"
0.0632311506822909,1.10665531063772,1.50909421047089,0.682593117937208,9,1.03009732238631,"Const e Transp / Constr e Engenh"
0.0154170239265786,1.06817417605608,2.25559948298231,0.45066861836494,9,1.01652790258031,"Consumo Cíclico / Tecid Vest Calç"
0.0421955248130365,1.06411586666758,0.939237750460545,1.04821695765263,9,0.984524937300255,"Utilidade Públ / Água Saneamento"
0.0766176060011852,1.09186154448664,1.28729042768843,0.778070555889379,10,1.00160277866261,"Bens Indls / Mat Transporte"
0.0089028201422252,1.04591267728592,1.49691369765507,0.668865456461114,10,1.00123386366495,"Cons N Básico / Alimentos Processados"
0.0239119643879615,1.09351197509018,2.00874263653499,0.510568579722119,10,1.02560087496294,"Cons N Cíclico / Bebidas"
0.021025642740336,1.0617292496651,1.35245457110806,0.712296413241041,10,0.96334854007172,"Cons N Cíclico / Fumo"
0.0503936850450848,1.04645797484134,0.90211672816148,1.02465320366412,10,0.924356795589658,"Cons N Cíclico / Pr Pessoal Limp"
0.060730621464713,1.10370747751523,1.53633339947622,0.670688061142087,10,1.03040046896254,"Const e Transp / Constr e Engenh"
0.0146474484915393,1.06030226676575,2.24685499690137,0.447531720725327,10,1.00553888298357,"Consumo Cíclico / Tecid Vest Calç"
0.0325030265744497,1.05431249496152,0.945784432937222,1.03951122382675,10,0.983153533358857,"Utilidade Públ / Água Saneamento"
0.0573211735329519,1.08429820658534,1.25626609637572,0.796212419123809,11,1.00025466765853,"Bens Indls / Mat Transporte"
0.00856087955256881,1.03983968949103,1.45487464187091,0.67894357976361,11,0.987777797459136,"Cons N Básico / Alimentos Processados"
0.0217810095585143,1.0949798003606,1.96999879013794,0.524911856742189,11,1.03407572271117,"Cons N Cíclico / Bebidas"
0.0147019608664821,1.05577285897743,1.35471565765113,0.712268628797077,11,0.964921463885104,"Cons N Cíclico / Fumo"
0.0630128205339078,1.05240009884511,0.930655331880843,1.00125028628795,11,0.931818917481098,"Cons N Cíclico / Pr Pessoal Limp"
0.058673138937084,1.10645951534898,1.56560482709458,0.661800133774414,11,1.03611748400906,"Const e Transp / Constr e Engenh"
0.0162882051691705,1.05777830843865,2.19504626096301,0.456426145700857,11,1.00187650452643,"Consumo Cíclico / Tecid Vest Calç"
0.0368184762597929,1.04222220512086,0.946185784829053,1.01438843988276,11,0.959799922111986,"Utilidade Públ / Água Saneamento"
0.0515496164530234,1.07974051102623,1.26912355604075,0.789806971930216,12,1.00236263280185,"Bens Indls / Mat Transporte"
0.00671309262339666,1.03954688187424,1.5143073075565,0.655454258873181,12,0.992559173980688,"Cons N Básico / Alimentos Processados"
0.0205230826103682,1.09652497659956,1.91559867720203,0.548378500479395,12,1.05047313012436,"Cons N Cíclico / Bebidas"
0.0194130374426472,1.07360515535461,1.42224987524629,0.689160995572205,12,0.980159139977179,"Cons N Cíclico / Fumo"
0.0715331517506935,1.04915543952753,0.956264837011887,0.975554629692142,12,0.932888588958748,"Cons N Cíclico / Pr Pessoal Limp"
0.0575433758604464,1.10653585685292,1.58834734243848,0.651677969975911,12,1.03509097173694,"Const e Transp / Constr e Engenh"
0.0132069088693321,1.05443507240327,2.22132779739607,0.451362277602235,12,1.00262357393385,"Consumo Cíclico / Tecid Vest Calç"
0.0370607764437694,1.04261293551434,1.04062674402498,0.938598164861262,12,0.976730352247395,"Utilidade Públ / Água Saneamento"
0.0288620851223328,1.05216959922428,1.28257944012499,0.772462998936547,13,0.990745160693311,"Bens Indls / Mat Transporte"
0.00388772461483344,1.03966263081294,1.57631907563806,0.63365672250262,13,0.998845179087172,"Cons N Básico / Alimentos Processados"
0.0227209675152186,1.09741069333833,1.97519471142734,0.527830379571368,13,1.04256777426005,"Cons N Cíclico / Bebidas"
0.0201303309962739,1.07078247342639,1.42761364585829,0.684123931186902,13,0.976664659620638,"Cons N Cíclico / Fumo"
0.0596380012736449,1.04917006464968,0.98334370090037,0.958864676698016,13,0.942893539846864,"Cons N Cíclico / Pr Pessoal Limp"
0.0560785493751188,1.10722028660735,1.63467400378082,0.637123355654001,13,1.04148898668919,"Const e Transp / Constr e Engenh"
0.0187221186988481,1.06042569143527,2.16625620944116,0.458423469966751,13,0.993062688369038,"Consumo Cíclico / Tecid Vest Calç"
0.0289967120455908,1.04253017357993,1.0911691565693,0.90219988991756,13,0.984452692938255,"Utilidade Públ / Água Saneamento"
0.0241347157317989,1.05239739982377,1.23735899341436,0.80433005782058,14,0.995245030717791,"Bens Indls / Mat Transporte"
0.00421102547414962,1.05017073998401,1.59462760713912,0.633755840408259,14,1.01060455930067,"Cons N Básico / Alimentos Processados"
0.0170417051994408,1.08331664760941,1.97150920784659,0.526369400318874,14,1.03774211945735,"Cons N Cíclico / Bebidas"
0.0156469586660713,1.05523336377091,1.39990535120968,0.695221508847679,14,0.973244310511934,"Cons N Cíclico / Fumo"
0.0516617009560286,1.05500130112145,0.968401133527276,0.982473426991027,14,0.951428380358537,"Cons N Cíclico / Pr Pessoal Limp"
0.070605425433375,1.12450463466521,1.64951871308366,0.639238038074992,14,1.05443510591959,"Const e Transp / Constr e Engenh"
0.0190962746505264,1.06051810056453,2.11316315115357,0.477714297218928,14,1.00948824966226,"Consumo Cíclico / Tecid Vest Calç"
0.0187207874511938,1.03308878054356,1.14078669849222,0.869097234713656,14,0.991454565057707,"Utilidade Públ / Água Saneamento"
0.0247694831659971,1.04578585421281,1.1950501098226,0.820533155115114,15,0.980578237133405,"Bens Indls / Mat Transporte"
0.00560904282568649,1.05884286637092,1.59740354074709,0.638711368600872,15,1.02027980171845,"Cons N Básico / Alimentos Processados"
0.0134794839109946,1.06381991424089,1.90096104106454,0.557145553337481,15,1.05911199109689,"Cons N Cíclico / Bebidas"
0.013476094280074,1.05047212238728,1.40282219869492,0.688327467328816,15,0.965601051140313,"Cons N Cíclico / Fumo"
0.0510807922651601,1.05875471115185,0.987864621527032,0.969908746431472,15,0.958138536709284,"Cons N Cíclico / Pr Pessoal Limp"
0.0644100543632329,1.10516352867644,1.63497895320763,0.632797639519398,15,1.03461082225368,"Const e Transp / Constr e Engenh"
0.027411950601188,1.07524703449101,2.13660726487298,0.475849696176767,15,1.01670391783888,"Consumo Cíclico / Tecid Vest Calç"
0.0172852441745599,1.03167092564404,1.14492171208121,0.884631841898528,15,1.01283420298802,"Utilidade Públ / Água Saneamento"
0.0193254344246155,1.03399083021095,1.28212107846565,0.76152655397352,16,0.976369246660757,"Bens Indls / Mat Transporte"
0.00292669501698994,1.03556502886674,1.55866757071619,0.637167685448143,16,0.993132608416312,"Cons N Básico / Alimentos Processados"
0.0116499719252306,1.06183064668152,1.9159943496395,0.550870530351755,16,1.05546482353688,"Cons N Cíclico / Bebidas"
0.0202505965446173,1.0650476031168,1.38087288632521,0.703047654273207,16,0.97081944358041,"Cons N Cíclico / Fumo"
0.0401484324631662,1.06176014041528,1.02795556352382,0.938801872002969,16,0.96504660737203,"Cons N Cíclico / Pr Pessoal Limp"
0.0651968483169226,1.10689448377524,1.63782319858438,0.634216384811508,16,1.0387343079666,"Const e Transp / Constr e Engenh"
0.0279899308571126,1.06827913642045,2.06066008087554,0.48743328324167,16,1.00443430886621,"Consumo Cíclico / Tecid Vest Calç"
0.0189099896529574,1.03485206132614,1.18059991968764,0.867974658579506,16,1.02473081220987,"Utilidade Públ / Água Saneamento"
0.018531084255841,1.04524574106905,1.27387078323168,0.774151668868239,17,0.986169192761297,"Bens Indls / Mat Transporte"
0.00446871212217873,1.0403222390517,1.56338963359788,0.637506290699178,17,0.996670726232531,"Cons N Básico / Alimentos Processados"
0.0139536366478676,1.06747838459096,1.87876050784092,0.56235862854718,17,1.05653718255802,"Cons N Cíclico / Bebidas"
0.022698864636255,1.06820895069981,1.39002033951402,0.699702606852844,17,0.972600855136437,"Cons N Cíclico / Fumo"
0.0341621610928329,1.05115050905777,1.04555538985454,0.921143658837277,17,0.963106717327649,"Cons N Cíclico / Pr Pessoal Limp"
0.078122354767831,1.12055202838806,1.660128010901,0.632707835617717,17,1.05037600062552,"Const e Transp / Constr e Engenh"
0.0252644701569618,1.06600803148762,2.1255186270333,0.473083074047205,17,1.00554688602151,"Consumo Cíclico / Tecid Vest Calç"
0.0218107781367992,1.03972686862812,1.17851418245833,0.871007356604496,17,1.02649452278394,"Utilidade Públ / Água Saneamento"
0.0182849916879257,1.04067228500815,1.31329423222538,0.745785104216776,18,0.979435275847494,"Bens Indls / Mat Transporte"
0.00561013814221744,1.04449933589653,1.60093568985629,0.626512318319752,18,1.0030059305327,"Cons N Básico / Alimentos Processados"
0.0112482256119491,1.06030128947561,1.88107177027246,0.557475318359181,18,1.04865108398911,"Cons N Cíclico / Bebidas"
0.0300301540507596,1.0740033521657,1.42853629590369,0.681077105299612,18,0.972943365229515,"Cons N Cíclico / Fumo"
0.0262459622682664,1.0566497535137,1.06314985103981,0.90786465299437,18,0.965196170595274,"Cons N Cíclico / Pr Pessoal Limp"
0.0659851918902511,1.11665926023257,1.66627293158387,0.629531991613421,18,1.04897211719153,"Const e Transp / Constr e Engenh"
0.0294076513332645,1.06689070280715,2.2183429446232,0.446048209624528,18,0.989487898782382,"Consumo Cíclico / Tecid Vest Calç"
0.0198812387149315,1.04934696001159,1.21077961802726,0.848994087814812,18,1.02794473735182,"Utilidade Públ / Água Saneamento"
0.00693491950700652,1.02382461823677,1.30408935735932,0.754764284808069,19,0.984280071133125,"Bens Indls / Mat Transporte"
0.00649795815248908,1.04309431909809,1.50140758348353,0.665721531653529,19,0.999519356112877,"Cons N Básico / Alimentos Processados"
0.00746785323349375,1.04700699757261,1.869339227798,0.553286065541942,19,1.03427934651157,"Cons N Cíclico / Bebidas"
0.0261690536315946,1.06700525708047,1.41243961912639,0.687821712413646,19,0.971506637508395,"Cons N Cíclico / Fumo"
0.0297548200546008,1.07154314511363,1.07852971362778,0.91297045513634,19,0.984665763528824,"Cons N Cíclico / Pr Pessoal Limp"
0.0426990290397962,1.09450836018437,1.52652001679722,0.677421645470012,19,1.03409770162168,"Const e Transp / Constr e Engenh"
0.0207155163466759,1.05398101022772,2.09860485726118,0.466142672858462,19,0.978249277437479,"Consumo Cíclico / Tecid Vest Calç"
0.0254216106366554,1.06350730716266,1.23072647242261,0.844284353873238,19,1.03908310456402,"Utilidade Públ / Água Saneamento"
0.00659991337814785,1.02141786025147,1.23302142870616,0.800733740748688,20,0.987321861031175,"Bens Indls / Mat Transporte"
0.0055414467390653,1.04056096060167,1.4847638385862,0.67563401544465,20,1.00315695425101,"Cons N Básico / Alimentos Processados"
0.00921007942926672,1.05074504967358,1.88108760328535,0.554967933353289,20,1.04394329965176,"Cons N Cíclico / Bebidas"
0.0232228271614128,1.05958598528692,1.34248364989649,0.721776393208565,20,0.968973006763759,"Cons N Cíclico / Fumo"
0.0222433323190052,1.05943577874833,1.1105458432444,0.880424268343982,20,0.977751511500901,"Cons N Cíclico / Pr Pessoal Limp"
0.0327821427425254,1.08645634770577,1.54735641279412,0.667617212140616,20,1.03304177449751,"Const e Transp / Constr e Engenh"
0.0243837055306709,1.06533477956556,2.08050379297512,0.47325513741065,20,0.984609108427818,"Consumo Cíclico / Tecid Vest Calç"
0.0228679401578612,1.06166978361669,1.35140309657394,0.754907643486863,20,1.02018452703548,"Utilidade Públ / Água Saneamento"
0.00653215576648795,1.01393090102128,1.19028543336785,0.813397006167536,21,0.968174607986237,"Bens Indls / Mat Transporte"
0.0073900249841065,1.04557473381159,1.37627289683991,0.727251520871787,21,1.00089655736144,"Cons N Básico / Alimentos Processados"
0.0101344174975755,1.04490735414981,1.86988927530381,0.559732512839305,21,1.04663782279707,"Cons N Cíclico / Bebidas"
0.0185722414300411,1.05213142825134,1.26621082735928,0.761531576659748,21,0.964259527742559,"Cons N Cíclico / Fumo"
0.0242871203671509,1.06210248341088,1.07824367700432,0.904111501536122,21,0.974852509838202,"Cons N Cíclico / Pr Pessoal Limp"
0.0245061782017779,1.07851519153359,1.49391050418673,0.681414954766168,21,1.0179729586351,"Const e Transp / Constr e Engenh"
0.0206571963333346,1.07086249453696,2.03280538790611,0.490820140082282,21,0.997741825252095,"Consumo Cíclico / Tecid Vest Calç"
0.0275791330103644,1.05834634511566,1.3273129182989,0.760844525645992,21,1.00987876770693,"Utilidade Públ / Água Saneamento"
0.00708928723446243,1.01889400837332,1.22491083187752,0.79559976100482,22,0.974538765093968,"Bens Indls / Mat Transporte"
0.00969184807463029,1.04964719996922,1.32492123659285,0.753462544642624,22,0.9982785263743,"Cons N Básico / Alimentos Processados"
0.00857086141828904,1.04421278337231,1.90193503821602,0.545876420544017,22,1.03822149076861,"Cons N Cíclico / Bebidas"
0.030890021635608,1.06629600562149,1.26911779127847,0.769341087141121,22,0.976384461252318,"Cons N Cíclico / Fumo"
0.0139378769303496,1.04894158967169,1.09327846108169,0.888758388843147,22,0.971660403627881,"Cons N Cíclico / Pr Pessoal Limp"
0.020966231166626,1.08088635770409,1.39854023619075,0.731068928396225,22,1.02242931179098,"Const e Transp / Constr e Engenh"
0.0202301708163884,1.07639622897188,1.98991091702538,0.504518799284773,22,1.00394746654131,"Consumo Cíclico / Tecid Vest Calç"
0.0355211383495908,1.06953474978203,1.36852807927626,0.739469912550017,22,1.01198533910466,"Utilidade Públ / Água Saneamento"
0.00883670942646832,1.02336259983727,1.24509210512897,0.787011280528897,23,0.979901532033972,"Bens Indls / Mat Transporte"
0.0158895489592356,1.06516739754501,1.3395002423867,0.74698126540944,23,1.00058158607427,"Cons N Básico / Alimentos Processados"
0.0106147088062573,1.04688570689992,1.85600039208592,0.555500956350299,23,1.03100999279026,"Cons N Cíclico / Bebidas"
0.031695351197131,1.07579888302288,1.27689547009916,0.772188983316625,23,0.986004614857471,"Cons N Cíclico / Fumo"
0.00630445417268431,1.03792042927764,1.06704145915978,0.899407484257959,23,0.959705074381839,"Cons N Cíclico / Pr Pessoal Limp"
0.0381280872985756,1.09544787827808,1.36443669353597,0.750414994880072,23,1.02389375439398,"Const e Transp / Constr e Engenh"
0.0257689087242643,1.0866849827323,2.00491513335635,0.501432920226041,23,1.00533045012426,"Consumo Cíclico / Tecid Vest Calç"
0.046797912348531,1.07783652233607,1.37298614735618,0.74266263337857,23,1.01966550778784,"Utilidade Públ / Água Saneamento"
0.00590704304817392,1.01697993135209,1.22582221617981,0.790649539437338,24,0.969195770654628,"Bens Indls / Mat Transporte"
0.0251377785240956,1.07466618867999,1.28552747274445,0.778353827339113,24,1.00059522856022,"Cons N Básico / Alimentos Processados"
0.0110472262172523,1.04930493693353,1.85706252515712,0.551734062746203,24,1.02460465177866,"Cons N Cíclico / Bebidas"
0.0473466468915121,1.07983946557828,1.22306174103451,0.798580767510874,24,0.976713583868529,"Cons N Cíclico / Fumo"
0.00612636757674204,1.03943777624271,1.07271753262299,0.899226590092684,24,0.964616128993212,"Cons N Cíclico / Pr Pessoal Limp"
0.0414872042186314,1.09644199379865,1.29975862128443,0.78413631494432,24,1.01918793561108,"Const e Transp / Constr e Engenh"
0.0374781695508924,1.10122159550822,1.9853037483316,0.511301613824498,24,1.01508901045377,"Consumo Cíclico / Tecid Vest Calç"
0.0393254812901542,1.0746088599179,1.35177978602098,0.771506394190933,24,1.04290674845323,"Utilidade Públ / Água Saneamento"
0.0108435788688834,1.03316557555453,1.17978389742174,0.820652911147237,25,0.968193089943784,"Bens Indls / Mat Transporte"
0.0270054415661794,1.07706915142951,1.27667472576014,0.78514926591911,25,1.00238022374806,"Cons N Básico / Alimentos Processados"
0.0129831746856392,1.05396291094216,1.8552197738172,0.554022504555141,25,1.02783350559043,"Cons N Cíclico / Bebidas"
0.0576196941016566,1.0873969177636,1.21315090928858,0.815306621926016,25,0.989089969738551,"Cons N Cíclico / Fumo"
0.00842975176253872,1.04983130942384,1.05888838918373,0.90992706125046,25,0.963511200162186,"Cons N Cíclico / Pr Pessoal Limp"
0.0580965321361541,1.10620044039428,1.22848261280172,0.829904670558133,25,1.01952345806361,"Const e Transp / Constr e Engenh"
0.0332009842190443,1.08455227635132,1.99404116984196,0.504708601741922,25,1.00640973064676,"Consumo Cíclico / Tecid Vest Calç"
0.0369936302867083,1.06459527162958,1.31706529289484,0.782029051286757,25,1.02998332148527,"Utilidade Públ / Água Saneamento"
0.0120295899092522,1.0352712307057,1.22015795276308,0.798050006411468,26,0.973747062025577,"Bens Indls / Mat Transporte"
0.0285016602322112,1.07639239567011,1.29093402816757,0.777149791349226,26,1.00324911063604,"Cons N Básico / Alimentos Processados"
0.0130511000264357,1.06161871664462,1.9239786276711,0.536270120262634,26,1.03177225004392,"Cons N Cíclico / Bebidas"
0.0470438127962217,1.08426165111125,1.27523407537792,0.771082640633981,26,0.983310858268835,"Cons N Cíclico / Fumo"
0.00891590034835175,1.05039684112115,1.08271203422877,0.884243248430989,26,0.957380806261772,"Cons N Cíclico / Pr Pessoal Limp"
0.0507640051100277,1.09376402040507,1.1774516026586,0.851546028453599,26,1.00265423594025,"Const e Transp / Constr e Engenh"
0.0296584947470097,1.08456303393211,1.99976950882411,0.494688832506724,26,0.989263643602746,"Consumo Cíclico / Tecid Vest Calç"
0.0371100936964278,1.07266871244447,1.27685899466543,0.806740313152579,26,1.03009362520808,"Utilidade Públ / Água Saneamento"
0.00781619784042438,1.03225808375968,1.22550604783377,0.798539913907596,27,0.97861549393042,"Bens Indls / Mat Transporte"
0.0361289875377795,1.06649668210912,1.22930485456125,0.80070911564603,27,0.984315602955106,"Cons N Básico / Alimentos Processados"
0.0122015347467349,1.07486055769921,2.00336344671575,0.496769519282158,27,0.995209896372431,"Cons N Cíclico / Bebidas"
0.0424826867565297,1.08888888605239,1.28362929630365,0.770012329011365,27,0.988410384033993,"Cons N Cíclico / Fumo"
0.0101475425858059,1.05563528303181,1.06416799548471,0.90170465603216,27,0.959565236328976,"Cons N Cíclico / Pr Pessoal Limp"
0.0591741424316331,1.10623155643432,1.14374328575326,0.882395578134995,27,1.00923401787027,"Const e Transp / Constr e Engenh"
0.0296561796421742,1.09117411292033,1.91130972124061,0.518642677496086,27,0.991286791348529,"Consumo Cíclico / Tecid Vest Calç"
0.0333546599515146,1.07340999633793,1.32560597425448,0.768357196634895,27,1.01853889022064,"Utilidade Públ / Água Saneamento"
0.0110088150472189,1.04457138649072,1.13899104266005,0.857391902672648,28,0.976561697193403,"Bens Indls / Mat Transporte"
0.0440932087427705,1.07334421582726,1.17015113453106,0.844586234345751,28,0.988293540328998,"Cons N Básico / Alimentos Processados"
0.0127349681086037,1.07577640567015,1.96340997176385,0.497608107011042,28,0.977008719336013,"Cons N Cíclico / Bebidas"
0.0278848064192383,1.076865226212,1.27584462576288,0.768806499891303,28,0.980877641137891,"Cons N Cíclico / Fumo"
0.00875622803799159,1.05026498066205,1.01462751279409,0.957453527022393,28,0.971458690738663,"Cons N Cíclico / Pr Pessoal Limp"
0.0650084291194463,1.1020084334617,1.07294505405404,0.935335707345736,28,1.00356382107674,"Const e Transp / Constr e Engenh"
0.0267034006731428,1.08547905908542,1.90212706527312,0.524461383634449,28,0.997592192501675,"Consumo Cíclico / Tecid Vest Calç"
0.0348243668794954,1.05691295055661,1.27900599320294,0.779748488114311,28,0.997302989489139,"Utilidade Públ / Água Saneamento"
0.0128367342518615,1.04140895521648,1.04020772419533,0.927961308820875,29,0.965272521189878,"Bens Indls / Mat Transporte"
0.0419943752651561,1.07823036599763,1.13854523408871,0.879490589115707,29,1.00133981866356,"Cons N Básico / Alimentos Processados"
0.0140098336555769,1.08314301838701,2.00866688386495,0.488533132565285,29,0.981300325054692,"Cons N Cíclico / Bebidas"
0.0265673438937203,1.06555908172431,1.19741045724605,0.798216523841378,29,0.955792812794255,"Cons N Cíclico / Fumo"
0.00610422567282311,1.0407243557423,0.93813221898411,1.02823060034573,29,0.964616254729708,"Cons N Cíclico / Pr Pessoal Limp"
0.0768199093933912,1.09171606320972,0.989704238193555,0.990136472171496,29,0.979942262898144,"Const e Transp / Constr e Engenh"
0.0238589627032196,1.08284091743732,1.71103193666957,0.57863852215507,29,0.990068991194606,"Consumo Cíclico / Tecid Vest Calç"
0.0303777791662969,1.0468687758083,1.27594116192793,0.774872319680542,29,0.988691487918982,"Utilidade Públ / Água Saneamento"
0.0132280970966557,1.04751512606028,0.998374203860969,0.971639697368454,30,0.970060009299942,"Bens Indls / Mat Transporte"
0.0482009645423123,1.0782249384417,1.08942077872562,0.911324887691443,30,0.99281626882085,"Cons N Básico / Alimentos Processados"
0.0151919921099036,1.07895973878166,1.93797645282627,0.506176097234836,30,0.980957357424613,"Cons N Cíclico / Bebidas"
0.0187220145615895,1.05130818527974,1.13670643822321,0.836858390565044,30,0.951262320436401,"Cons N Cíclico / Fumo"
0.00619839235823163,1.0415040000393,0.930277393563464,1.0498953589157,30,0.976693918006471,"Cons N Cíclico / Pr Pessoal Limp"
0.0820884403230959,1.10136811200785,0.937558099592331,1.04349865411102,30,0.978340615075485,"Const e Transp / Constr e Engenh"
0.0314873858541581,1.09528872294203,1.67233350453547,0.603636930013546,30,1.00948226263658,"Consumo Cíclico / Tecid Vest Calç"
0.0318192296927097,1.04680269848256,1.20958758439557,0.808755435339204,30,0.978260533398738,"Utilidade Públ / Água Saneamento"
0.0263545518296721,1.06851644612202,0.958570308365146,1.05075165303398,31,1.00721933606397,"Bens Indls / Mat Transporte"
0.0314074218423342,1.06531432040902,1.06478005113687,0.961154286646787,31,1.02341791048618,"Cons N Básico / Alimentos Processados"
0.0157785785427474,1.08236570651813,1.87202300286996,0.520565029086341,31,0.9745097089393,"Cons N Cíclico / Bebidas"
0.0145698039213916,1.04936320557805,1.13821328408742,0.844756352207251,31,0.961512901899528,"Cons N Cíclico / Fumo"
0.00812565646827699,1.03798222800598,0.883770360737679,1.08396420306195,31,0.957975434766791,"Cons N Cíclico / Pr Pessoal Limp"
0.0670682695768822,1.09067415849038,0.946275933044589,1.03432272798569,31,0.978754704493886,"Const e Transp / Constr e Engenh"
0.0313805490342291,1.0933601053589,1.64405937035654,0.618111233563951,31,1.01621156546345,"Consumo Cíclico / Tecid Vest Calç"
0.0214006613482266,1.04288684905067,1.2130108050768,0.816946770064561,31,0.990965259260908,"Utilidade Públ / Água Saneamento"
0.0209178064788961,1.06117700274966,0.999664918772949,1.00559626507491,32,1.00525930864449,"Bens Indls / Mat Transporte"
0.0444155010056639,1.0737040749199,1.07568607762737,0.955116839201383,32,1.02740588643639,"Cons N Básico / Alimentos Processados"
0.0174400692778347,1.09065669145716,1.8491260688186,0.527701044237061,32,0.975785757441548,"Cons N Cíclico / Bebidas"
0.0198680398905905,1.04343313785566,1.10733838297066,0.85924947327121,32,0.951479922300533,"Cons N Cíclico / Fumo"
0.00908459516054985,1.04643698732434,0.846141981161701,1.13403413236003,32,0.95955388746011,"Cons N Cíclico / Pr Pessoal Limp"
0.0697230298903087,1.10342791286688,0.983243104972713,1.0152723182751,32,0.998259506613658,"Const e Transp / Constr e Engenh"
0.0337871482968426,1.09079397501026,1.65912636894094,0.608963152880718,32,1.01034682465781,"Consumo Cíclico / Tecid Vest Calç"
0.0310701806704454,1.06829109418544,1.18844118584168,0.851780580610467,32,1.01229112329762,"Utilidade Públ / Água Saneamento"
0.0167075393915923,1.06897323608696,1.04144298010877,0.977396867507341,33,1.01790310644582,"Bens Indls / Mat Transporte"
0.0453996935426154,1.07287750001966,1.08477612320775,0.945380346192924,33,1.02552602689996,"Cons N Básico / Alimentos Processados"
0.0265483673224253,1.10052618629754,1.91747209166598,0.500820433342596,33,0.96030920387049,"Cons N Cíclico / Bebidas"
0.0179343313215933,1.04358831678079,1.13659692887162,0.828432854410609,33,0.94159423809945,"Cons N Cíclico / Fumo"
0.00715973278647238,1.04427878906241,0.860863619571154,1.12097308576505,33,0.965004948053546,"Cons N Cíclico / Pr Pessoal Limp"
0.0693136030896729,1.10351568058966,1.00045701318261,1.0012511776558,33,1.00170876264309,"Const e Transp / Constr e Engenh"
0.0290897697681834,1.07712067161229,1.74416925052711,0.575459933721589,33,1.00369952130756,"Consumo Cíclico / Tecid Vest Calç"
0.0269530384737491,1.07193004555699,1.20484463161386,0.84638760905068,33,1.0197655670292,"Utilidade Públ / Água Saneamento"
0.0176034920457675,1.06932667353913,1.04016754037715,0.979814951938867,34,1.019171708583,"Bens Indls / Mat Transporte"
0.0567791589840606,1.07922256843248,1.08983492103877,0.950724233198166,34,1.03613246961717,"Cons N Básico / Alimentos Processados"
0.0281831345219606,1.10686549775406,1.8277096323663,0.541206647302261,34,0.989168602375014,"Cons N Cíclico / Bebidas"
0.0192238229659519,1.03524909774943,1.09179746711572,0.850734290049543,34,0.928829543064583,"Cons N Cíclico / Fumo"
0.00638051682943105,1.04432458641509,0.86078341858515,1.11894787503414,34,0.963171777090478,"Cons N Cíclico / Pr Pessoal Limp"
0.0855363254125818,1.11676849564643,1.03785790829946,0.975352361629976,34,1.01227716189622,"Const e Transp / Constr e Engenh"
0.0308623253747563,1.07695676697578,1.75133823560633,0.568896557323194,34,0.996330292944919,"Consumo Cíclico / Tecid Vest Calç"
0.0195801122432331,1.06223029250912,1.25010224509188,0.818600772320127,34,1.02333466331134,"Utilidade Públ / Água Saneamento"
0.0315013238330973,1.07684895942215,1.03905678869092,0.980570866376138,35,1.01886881550066,"Bens Indls / Mat Transporte"
0.0554037720326802,1.06852814309624,1.09987141927197,0.94114851254704,35,1.03514235024082,"Cons N Básico / Alimentos Processados"
0.0431613576422333,1.12154496201203,1.84131775834388,0.53827475796405,35,0.991134870707457,"Cons N Cíclico / Bebidas"
0.0297102133612346,1.03428445217319,1.04435196152838,0.895720596981907,35,0.935447562439426,"Cons N Cíclico / Fumo"
0.00981158694208414,1.04921215921902,0.874650033363767,1.10521248762969,35,0.966674139179356,"Cons N Cíclico / Pr Pessoal Limp"
0.0641087178259737,1.10683665336909,1.0306448740838,0.977880784681969,35,1.00784781819752,"Const e Transp / Constr e Engenh"
0.0255302862024945,1.06484456226042,1.7454646594364,0.568371810273703,35,0.992072908252641,"Consumo Cíclico / Tecid Vest Calç"
0.0158191279255117,1.07065049369083,1.26872749128949,0.813793460307078,35,1.0324821353232,"Utilidade Públ / Água Saneamento"
0.0366963142815845,1.06954672344225,1.0121960202213,0.997203454080566,36,1.00936536757128,"Bens Indls / Mat Transporte"
0.0391024095969093,1.04219013345711,1.0749650999095,0.938632124172099,36,1.00899677513892,"Cons N Básico / Alimentos Processados"
0.0405334614360873,1.12701772403362,1.88225071529313,0.52896339399676,36,0.995641726714283,"Cons N Cíclico / Bebidas"
0.0248361323858522,1.03455945155492,1.04369701186508,0.901190181815904,36,0.940569499883407,"Cons N Cíclico / Fumo"
0.0116434070576141,1.05590994195228,0.862658536972568,1.12434264467078,36,0.969923780907566,"Cons N Cíclico / Pr Pessoal Limp"
0.0622962568277557,1.10087657727496,1.03603647042181,0.968079820839333,36,1.00296600066896,"Const e Transp / Constr e Engenh"
0.0195828648800815,1.05523454675163,1.66764931943731,0.587405529620799,36,0.979586431705837,"Consumo Cíclico / Tecid Vest Calç"
0.0237567782137854,1.08461678581858,1.24764878701875,0.811514729634184,36,1.01248536807594,"Utilidade Públ / Água Saneamento"
0.0321440100788602,1.06592229835319,1.03693256037485,0.986314606417678,37,1.0227417301678,"Bens Indls / Mat Transporte"
0.0391595269489948,1.05580908172381,1.10069274573699,0.933395675781632,37,1.02738184923512,"Cons N Básico / Alimentos Processados"
0.0299712742452576,1.12125552343288,1.82324750761626,0.541069813943925,37,0.986504189719657,"Cons N Cíclico / Bebidas"
0.0295750978093619,1.03141535214798,1.04772389364014,0.890208330936565,37,0.932692538639751,"Cons N Cíclico / Fumo"
0.00708524361870844,1.04743494448326,0.858272140343925,1.12508326647714,37,0.965627623184467,"Cons N Cíclico / Pr Pessoal Limp"
0.0542352405122561,1.09347219477583,1.06273016935325,0.942010905925229,37,1.00110340958653,"Const e Transp / Constr e Engenh"
0.0205016333728377,1.06594353839917,1.64045258470543,0.60413330638315,37,0.991052043962875,"Consumo Cíclico / Tecid Vest Calç"
0.0242299506141422,1.08964499107101,1.23256233706661,0.840119596953226,37,1.03549977383612,"Utilidade Públ / Água Saneamento"
0.0346557100635589,1.07460329774588,1.04917596597302,0.981056834402249,38,1.02930125190841,"Bens Indls / Mat Transporte"
0.060712087344558,1.07306045216451,1.07217348658959,0.964980479711128,38,1.03462648542277,"Cons N Básico / Alimentos Processados"
0.0358741515801163,1.12582451022205,1.79145918584274,0.550693672319823,38,0.986545237862818,"Cons N Cíclico / Bebidas"
0.0266235735680802,1.03782943852106,1.05196053812371,0.904066431423608,38,0.951042209699957,"Cons N Cíclico / Fumo"
0.0089691959236837,1.04654531099398,0.8291680766553,1.15089978079534,38,0.95428935766508,"Cons N Cíclico / Pr Pessoal Limp"
0.0714709989609135,1.10843718304473,1.07684043217901,0.943344362858777,38,1.01583135139448,"Const e Transp / Constr e Engenh"
0.0187376669004562,1.07093611747484,1.6992138325266,0.59098852928731,38,1.00421588382955,"Consumo Cíclico / Tecid Vest Calç"
0.0173028415397443,1.07975875593602,1.22678791870094,0.844555343049008,38,1.03609029152685,"Utilidade Públ / Água Saneamento"
0.0436343211546013,1.08218752404303,1.06319653279773,0.97390233706938,39,1.03544958805577,"Bens Indls / Mat Transporte"
0.0487471739486707,1.0723472450894,1.09600769586944,0.95013945728552,39,1.04136015733415,"Cons N Básico / Alimentos Processados"
0.0374031946359895,1.12152650306009,1.76025587507949,0.563981860679367,39,0.992752383699118,"Cons N Cíclico / Bebidas"
0.029017110131924,1.04334902139026,1.05395163551539,0.907204600918381,39,0.956149772885015,"Cons N Cíclico / Fumo"
0.015947768499251,1.05797940603686,0.798601283928048,1.18562246521394,39,0.946839622973788,"Cons N Cíclico / Pr Pessoal Limp"
0.058656081735865,1.10664649592916,1.07196823534398,0.946781339495813,39,1.01491952175593,"Const e Transp / Constr e Engenh"
0.0127206607021049,1.06095228425498,1.71579054224902,0.71008073765939,39,1.21834981390919,"Consumo Cíclico / Tecid Vest Calç"
0.0190246189163786,1.08391258345546,1.18287983541723,0.870478126447136,39,1.02967102294609,"Utilidade Públ / Água Saneamento"
0.0460748721375785,1.08413300595543,1.1075228316212,0.944399620096431,40,1.04594414143119,"Bens Indls / Mat Transporte"
0.0448744557265893,1.0819835824432,1.12968130929457,0.934743837201578,40,1.05596264186491,"Cons N Básico / Alimentos Processados"
0.0315093825825031,1.11310952980041,1.67767363383272,0.604758464827003,40,1.01458733127741,"Cons N Cíclico / Bebidas"
0.0326465466631174,1.05712504679341,1.09537193059703,0.887375740932058,40,0.972006478509721,"Cons N Cíclico / Fumo"
0.0309031267714848,1.0667310695704,0.790352705453032,1.172518929806,40,0.926703508367064,"Cons N Cíclico / Pr Pessoal Limp"
0.0532473871647979,1.09738982590638,1.12597502712319,0.89382531911972,40,1.00642498793922,"Const e Transp / Constr e Engenh"
0.00990770504357386,1.05636159935887,1.72305085481829,0.704591860376794,40,1.21404760732024,"Consumo Cíclico / Tecid Vest Calç"
0.0182767358758824,1.09051712733005,1.17550915584674,0.882195415106847,40,1.03702878770412,"Utilidade Públ / Água Saneamento"
0.0356612039419782,1.08460029649733,1.18912423420962,0.925599597356901,41,1.10065291239176,"Bens Indls / Mat Transporte"
0.0490339707973459,1.07880564905087,1.15698943217969,0.902604946735142,41,1.04430438480567,"Cons N Básico / Alimentos Processados"
0.047605356151108,1.12814604572564,1.65922886613728,0.610254778460915,41,1.01255234412056,"Cons N Cíclico / Bebidas"
0.0350083074974337,1.07336504843324,1.12856798502661,0.87976436675162,41,0.992873898683087,"Cons N Cíclico / Fumo"
0.0266948534820582,1.06763251900993,0.844171703416336,1.11054900688778,41,0.937494046871781,"Cons N Cíclico / Pr Pessoal Limp"
0.0641433669556022,1.11387651239245,1.19783504365884,0.854778367776932,41,1.02388348348472,"Const e Transp / Constr e Engenh"
0.0137495852322893,1.06685737114946,1.8116596743794,0.678173796656867,41,1.22862011962402,"Consumo Cíclico / Tecid Vest Calç"
0.0185569162191959,1.09377453185049,1.1655012840533,0.891193818765856,41,1.03868754011197,"Utilidade Públ / Água Saneamento"
0.033614281033484,1.08757011224719,1.25114419897479,0.886264362193948,42,1.10884451551705,"Bens Indls / Mat Transporte"
0.0424012689420785,1.07282025998716,1.22049035631149,0.859237604678431,42,1.04869121029021,"Cons N Básico / Alimentos Processados"
0.0511937049012513,1.13550749595874,1.74333626756022,0.584079185200727,42,1.01824642668745,"Cons N Cíclico / Bebidas"
0.0502817991123586,1.08825101065553,1.19833590217477,0.84159255908971,42,1.00851057856034,"Cons N Cíclico / Fumo"
0.0310033119393483,1.06885662820755,0.883612430933391,1.04773308293679,42,0.925789976383117,"Cons N Cíclico / Pr Pessoal Limp"
0.0711362869987075,1.10896185434499,1.2946281191093,0.789083896237562,42,1.02157020040547,"Const e Transp / Constr e Engenh"
0.00852407011151853,1.05198200893007,1.86226662724557,0.657761257939325,42,1.22492683935547,"Consumo Cíclico / Tecid Vest Calç"
0.0200453324226175,1.09859299615246,1.25431972804549,0.841190627828629,42,1.05512199953242,"Utilidade Públ / Água Saneamento"
0.0366360083042559,1.09451469266091,1.32908624056131,0.807748230944306,43,1.07356705958582,"Bens Indls / Mat Transporte"
0.060446031351565,1.08453439936321,1.28733421269891,0.781611108779307,43,1.00619472135713,"Cons N Básico / Alimentos Processados"
0.0462082069331385,1.14052258567717,1.80059730903687,0.570961891102903,43,1.02807244468249,"Cons N Cíclico / Bebidas"
0.0497566098490558,1.0958873630694,1.23839678523886,0.816631428175952,43,1.01131373537812,"Cons N Cíclico / Fumo"
0.0283245655122882,1.06709162290438,0.888229287438222,1.04419842412168,43,0.927487622201713,"Cons N Cíclico / Pr Pessoal Limp"
0.0950746246154555,1.13048150329645,1.37322616035277,0.74857050587471,43,1.02795660153566,"Const e Transp / Constr e Engenh"
0.0103567344353144,1.05876085761249,1.93686910999969,0.637607391578525,43,1.23496206105592,"Consumo Cíclico / Tecid Vest Calç"
0.0191344757707189,1.09830303933862,1.29656432944696,0.803323417868756,43,1.04156048861804,"Utilidade Públ / Água Saneamento"
0.047779262458548,1.10015490068557,1.33088835603074,0.805946722519323,44,1.0726251085821,"Bens Indls / Mat Transporte"
0.0552988163596562,1.0822571380215,1.25964577504454,0.797416992421291,44,1.0044629454522,"Cons N Básico / Alimentos Processados"
0.038588055412873,1.13405915629934,1.79001470545113,0.578553415872781,44,1.03561912230126,"Cons N Cíclico / Bebidas"
0.0379335178121568,1.09555997117129,1.31584737827464,0.774229456413611,44,1.01876780040485,"Cons N Cíclico / Fumo"
0.027754273820541,1.06800250811843,0.903804167762682,1.02593494098181,44,0.927244275512717,"Cons N Cíclico / Pr Pessoal Limp"
0.085554846863303,1.11783654639069,1.35740017946926,0.755433081337491,44,1.02542500018452,"Const e Transp / Constr e Engenh"
0.00872540882620485,1.05927685595081,1.97173653354151,0.635501681096737,44,1.25304188174548,"Consumo Cíclico / Tecid Vest Calç"
0.0169334422524389,1.09370525508789,1.27893841150017,0.812724243515637,44,1.03942425298956,"Utilidade Públ / Água Saneamento"
0.0526188279364049,1.10098012299196,1.31058674753425,0.817647726187631,45,1.07159827409303,"Bens Indls / Mat Transporte"
0.0445216738474676,1.07867102354101,1.20344949315395,0.837526678207324,45,1.00792105639151,"Cons N Básico / Alimentos Processados"
0.0330653946811216,1.12751502663392,1.73899697103362,0.600582879151626,45,1.04441180769933,"Cons N Cíclico / Bebidas"
0.0343392632144547,1.09383063807384,1.32671438992989,0.773807198573534,45,1.02662114537885,"Cons N Cíclico / Fumo"
0.028313044511888,1.0627529533627,0.914139564305481,1.01166434997213,45,0.924802408106913,"Cons N Cíclico / Pr Pessoal Limp"
0.0660583639853256,1.11214771389555,1.27469456683848,0.802285846773279,45,1.02266940993331,"Const e Transp / Constr e Engenh"
0.0102692545591712,1.06262776697824,1.83335170398938,0.683467735747676,45,1.25303673795476,"Consumo Cíclico / Tecid Vest Calç"
0.012449916744705,1.08567408677617,1.24695739978773,0.82470290396206,45,1.02836938872192,"Utilidade Públ / Água Saneamento"
0.0444205059231663,1.10064548404014,1.35300104713905,0.795598573248798,46,1.07644570270796,"Bens Indls / Mat Transporte"
0.0452428528942506,1.08244138467737,1.25465905027786,0.806115662431306,46,1.01140031144017,"Cons N Básico / Alimentos Processados"
0.0398735286550217,1.13865035213732,1.78230821024445,0.579095369637862,46,1.03212643182011,"Cons N Cíclico / Bebidas"
0.0436934007680421,1.11234976886274,1.39967233858669,0.741152584262631,46,1.03737077086444,"Cons N Cíclico / Fumo"
0.0446839403615903,1.07972803584234,0.922157841210607,1.01862929842491,46,0.939336994829387,"Cons N Cíclico / Pr Pessoal Limp"
0.0566461469344644,1.09722619998422,1.2894381731287,0.784760944578746,46,1.01190071872037,"Const e Transp / Constr e Engenh"
0.00768391311310547,1.05454603818642,1.86749692136233,0.67350225218972,46,1.2577633824949,"Consumo Cíclico / Tecid Vest Calç"
0.0163061730275644,1.09311172394234,1.21832313631326,0.846181350090295,46,1.03092231633179,"Utilidade Públ / Água Saneamento"
0.0354522483278392,1.09721702342361,1.38961277640121,0.77884336076098,47,1.08229068492872,"Bens Indls / Mat Transporte"
0.0389937382641933,1.08683722029164,1.2711421114365,0.801003648850135,47,1.0181894694677,"Cons N Básico / Alimentos Processados"
0.0294943215817214,1.12392404908607,1.85086671185844,0.562537880461735,47,1.04118263710603,"Cons N Cíclico / Bebidas"
0.0545142146065065,1.12468536949584,1.44765970215039,0.727347699506148,47,1.05295195402684,"Cons N Cíclico / Fumo"
0.0358491485890806,1.07842291497417,0.975984539576925,0.979825236232598,47,0.956294282050324,"Cons N Cíclico / Pr Pessoal Limp"
0.0564374968577032,1.10036859450924,1.33113270059935,0.764576299093802,47,1.01775251382699,"Const e Transp / Constr e Engenh"
0.00762067316909105,1.05314593663792,1.9099147105803,0.662160596807321,47,1.26467026460893,"Consumo Cíclico / Tecid Vest Calç"
0.019131790042511,1.09206009690365,1.24764934143289,0.830694050064331,47,1.03641488449498,"Utilidade Públ / Água Saneamento"
0.0402584752952585,1.09652775831857,1.43688090288835,0.755373494676029,48,1.08538174904802,"Bens Indls / Mat Transporte"
0.0391623743775501,1.09274102182985,1.26762146318106,0.80681103826124,48,1.02273098883134,"Cons N Básico / Alimentos Processados"
0.0232432565926156,1.11151447304458,1.80370428882417,0.572077273557906,48,1.03185823185524,"Cons N Cíclico / Bebidas"
0.0440571647533342,1.11768943012218,1.42482760458239,0.739643918009963,48,1.05386507194207,"Cons N Cíclico / Fumo"
0.0376847142113886,1.08213687652823,0.970278367892716,0.989747373456729,48,0.960330466143697,"Cons N Cíclico / Pr Pessoal Limp"
0.0411794813839538,1.09318808213359,1.34989894202049,0.754243071710838,48,1.01815192452875,"Const e Transp / Constr e Engenh"
0.0112753799474601,1.05857995486533,1.93612328795904,0.658080650455274,48,1.27412527270169,"Consumo Cíclico / Tecid Vest Calç"
0.0168089808491035,1.08669006489709,1.2537899364595,0.826729554348269,48,1.03654519541551,"Utilidade Públ / Água Saneamento"
0.0379682988814762,1.10212542771009,1.41092818218744,0.764488300345985,49,1.07863808791073,"Bens Indls / Mat Transporte"
0.0386537413574887,1.08123270314122,1.18407319675118,0.847634679687868,49,1.00366150485518,"Cons N Básico / Alimentos Processados"
0.0292350713469337,1.12041236892707,1.81851898775513,0.567373146988484,49,1.03177884094094,"Cons N Cíclico / Bebidas"
0.0401768775054054,1.11499102380891,1.3993448742262,0.753587089429091,49,1.05452823087564,"Cons N Cíclico / Fumo"
0.0501236611364719,1.08561440241893,0.952291021215151,1.01305092671565,49,0.964719301545002,"Cons N Cíclico / Pr Pessoal Limp"
0.0418879278098114,1.09468875660123,1.35339065725912,0.751022862269544,49,1.0164273251836,"Const e Transp / Constr e Engenh"
0.0169233773299766,1.07097176818584,1.97074422032477,0.651170043782354,49,1.2832896002327,"Consumo Cíclico / Tecid Vest Calç"
0.0206709427839561,1.09557467836507,1.2421281834308,0.82653292738335,49,1.02665984363642,"Utilidade Públ / Água Saneamento"
0.0341290705215529,1.09605256905545,1.39685372373774,0.776592057793994,50,1.08478550775469,"Bens Indls / Mat Transporte"
0.0261156420952441,1.06910067134356,1.21610513851428,0.821187445268204,50,0.998650271874081,"Cons N Básico / Alimentos Processados"
0.0250305352479087,1.11461388168716,1.77250252153656,0.618258458305882,50,1.09586467630848,"Cons N Cíclico / Bebidas"
0.0559773141851391,1.1257147626403,1.32225132322139,0.801753835889793,50,1.0601200704031,"Cons N Cíclico / Fumo"
0.0371392059394834,1.06858917770514,0.956671213120786,0.999038246476045,50,0.9557511312103,"Cons N Cíclico / Pr Pessoal Limp"
0.0374530372964249,1.07439148516608,1.38623688478048,0.722994270877093,50,1.0022413257748,"Const e Transp / Constr e Engenh"
0.0112120358330947,1.05574270587925,1.97510448459834,0.637575105853943,50,1.25927745084038,"Consumo Cíclico / Tecid Vest Calç"
0.0211283869258372,1.09699486823312,1.27798980637754,0.778748872557616,50,0.995233120856636,"Utilidade Públ / Água Saneamento"
0.0367427100549112,1.09806688518,1.37565829702473,0.800640523382611,51,1.10140777892551,"Bens Indls / Mat Transporte"
0.036144944285559,1.07082853916935,1.15642030070313,0.857475447852744,51,0.991602015251419,"Cons N Básico / Alimentos Processados"
0.0248458828005052,1.1118326665904,1.70407578868907,0.639113503222346,51,1.08909784706545,"Cons N Cíclico / Bebidas"
0.0389639326862088,1.11497509083659,1.21720254959291,0.865534412119453,51,1.0535306931922,"Cons N Cíclico / Fumo"
0.0252172225851631,1.0582285325922,0.973189703668906,0.98502366621984,51,0.958614889835345,"Cons N Cíclico / Pr Pessoal Limp"
0.0357339476093497,1.0646221791644,1.35380209719125,0.734128275020861,51,0.993864398330638,"Const e Transp / Constr e Engenh"
0.0105360065642028,1.05179981290611,1.91835736039345,0.520669237324745,51,0.998829663752367,"Consumo Cíclico / Tecid Vest Calç"
0.0152844055814898,1.084127736183,1.22656560738555,0.806100559412543,51,0.988735222269674,"Utilidade Públ / Água Saneamento"
0.0415747145144774,1.10449659365236,1.37673078680086,0.80638257811408,52,1.1101717212295,"Bens Indls / Mat Transporte"
0.0470886872631395,1.07806444386604,1.13899695244103,0.874683514113109,52,0.996261856925242,"Cons N Básico / Alimentos Processados"
0.0353064632920011,1.13352477239115,1.7892403112729,0.611860578091488,52,1.09476561120003,"Cons N Cíclico / Bebidas"
0.0371896168881932,1.10773460889852,1.1859880785214,0.88186820466542,52,1.04588517756026,"Cons N Cíclico / Fumo"
0.0202799062336899,1.05868725744955,1.02754117124762,0.951874982715842,52,0.978090734621143,"Cons N Cíclico / Pr Pessoal Limp"
0.0333786776736197,1.07281373407239,1.35125478643387,0.741607318326394,52,1.00210043854292,"Const e Transp / Constr e Engenh"
0.00999859786912802,1.05389516939721,1.96711960560397,0.507856312346375,52,0.999014108846286,"Consumo Cíclico / Tecid Vest Calç"
0.0181482654839582,1.08972895151673,1.25086204256565,0.7844002537706,52,0.981176503620505,"Utilidade Públ / Água Saneamento"
0.0423506037274013,1.10974992689542,1.41136113790011,0.753297668715997,53,1.06317505489651,"Bens Indls / Mat Transporte"
0.0571835935937919,1.09089670507827,1.10384445118384,0.906945647250224,53,1.0011269202425,"Cons N Básico / Alimentos Processados"
0.0375480901644196,1.12882255018767,1.78548014723052,0.601517773426123,53,1.07399804265865,"Cons N Cíclico / Bebidas"
0.0296884068757818,1.10627576721056,1.21418603211146,0.868903524500651,53,1.05501052270111,"Cons N Cíclico / Fumo"
0.0170267069528765,1.0542728694369,1.03594647439245,0.935517544066037,53,0.969146101507491,"Cons N Cíclico / Pr Pessoal Limp"
0.0235659616621203,1.05971883048466,1.27605542380613,0.776338930543297,53,0.990651503031627,"Const e Transp / Constr e Engenh"
0.00883967419283613,1.05339397425577,2.02853653373335,0.497133587117635,53,1.00845364361403,"Consumo Cíclico / Tecid Vest Calç"
0.0160739581381879,1.08707852665573,1.27050170294746,0.76980799731771,53,0.978042371534724,"Utilidade Públ / Água Saneamento"
0.0472976859796409,1.10049621937287,1.39656477791962,0.767422338687111,54,1.07175500799912,"Bens Indls / Mat Transporte"
0.0495143834447689,1.08341493256843,1.08427807671806,0.91525795826251,54,0.992394138685774,"Cons N Básico / Alimentos Processados"
0.0413687026241674,1.12992582724439,1.79036373698048,0.601041153485592,54,1.07608228563352,"Cons N Cíclico / Bebidas"
0.0256958386345339,1.10138005756762,1.19968515201506,0.901036626759542,54,1.08096026254516,"Cons N Cíclico / Fumo"
0.0180882768104121,1.05962990949571,1.06331784424752,0.923900016047889,54,0.982399373364295,"Cons N Cíclico / Pr Pessoal Limp"
0.0253068408730203,1.07505273296808,1.2681398277959,0.795091945594295,54,1.00828776296786,"Const e Transp / Constr e Engenh"
0.00800651133932479,1.05632459079533,1.9084631624293,0.52129653403137,54,0.994875231900943,"Consumo Cíclico / Tecid Vest Calç"
0.0204600641168602,1.09271220541699,1.27486579956357,0.769325748145377,54,0.980787085034197,"Utilidade Públ / Água Saneamento"
0.0474002917664034,1.0970211171667,1.38193742802517,0.77030669647936,55,1.06451565492325,"Bens Indls / Mat Transporte"
0.056988069427673,1.09725491930874,1.02942425873247,0.971242987958942,55,0.999821092928745,"Cons N Básico / Alimentos Processados"
0.0489223719634539,1.13234285142388,1.7182451841354,0.624623673314572,55,1.07325661856973,"Cons N Cíclico / Bebidas"
0.0377544032393699,1.1107996581347,1.1782491676423,0.91970057367717,55,1.08363643541528,"Cons N Cíclico / Fumo"
0.0240592018400815,1.06854220936469,1.11073012039585,0.896151821559838,55,0.995382820654122,"Cons N Cíclico / Pr Pessoal Limp"
0.011955477854567,1.05409452620063,1.25832572833367,0.788767788653419,55,0.992526802143451,"Const e Transp / Constr e Engenh"
0.00971948112597883,1.05631795711763,1.93643842646544,0.522817895971136,55,1.01240466380232,"Consumo Cíclico / Tecid Vest Calç"
0.0195104496619816,1.0820749628703,1.17901797585377,0.821924037112738,55,0.969063214542223,"Utilidade Públ / Água Saneamento"
0.0376319417555455,1.09278727812661,1.32067083135239,0.809838599468303,56,1.06953021642105,"Bens Indls / Mat Transporte"
0.0551416569186449,1.09438656146017,0.975613207460833,1.02928441230035,56,1.00418346687378,"Cons N Básico / Alimentos Processados"
0.0464355152959479,1.13627852552723,1.67084997813401,0.625678607544767,56,1.04541508773509,"Cons N Cíclico / Bebidas"
0.0492842311458989,1.12614768231357,1.12421388609857,0.960231375348343,56,1.07950544603413,"Cons N Cíclico / Fumo"
0.0348047075723917,1.06977423749823,1.127599717173,0.885700084698074,56,0.998715165005651,"Cons N Cíclico / Pr Pessoal Limp"
0.00575252252083097,1.03802725709462,1.21027030996411,0.805792154620454,56,0.975226320739141,"Const e Transp / Constr e Engenh"
0.00921925007171803,1.04965024225296,1.78379468082248,0.585939526172669,56,1.04519581007045,"Consumo Cíclico / Tecid Vest Calç"
0.0262460944719078,1.08282932164778,1.14109698707586,0.843669905550902,56,0.962709187310707,"Utilidade Públ / Água Saneamento"
0.0234644962397871,1.07090386110402,1.22202342397204,0.878315443007992,57,1.07332204499214,"Bens Indls / Mat Transporte"
0.0518463771887291,1.0873437857877,0.958111140516228,1.02799179730229,57,0.98493039335462,"Cons N Básico / Alimentos Processados"
0.0542301699550066,1.15590833754713,1.69503493871695,0.614919389058952,57,1.04230984894941,"Cons N Cíclico / Bebidas"
0.054855044111912,1.12924285961359,1.11288755609435,0.96300942317042,57,1.07172120344796,"Cons N Cíclico / Fumo"
0.0315730586409185,1.07267284403326,1.04966102102167,0.953495284405734,57,1.00084683376867,"Cons N Cíclico / Pr Pessoal Limp"
0.00874236760310344,1.04116197482212,1.22037820085544,0.801109896573073,57,0.977657054267333,"Const e Transp / Constr e Engenh"
0.0058052014376583,1.04495200177163,1.78190447932639,0.566057765852814,57,1.00866086853062,"Consumo Cíclico / Tecid Vest Calç"
0.0126291048637222,1.06187976839952,1.08756943577443,0.882482414067482,57,0.959760901148232,"Utilidade Públ / Água Saneamento"
0.013048738708864,1.0533509183527,1.0776603008617,0.959660925897354,58,1.03418848212776,"Bens Indls / Mat Transporte"
0.0426426501444956,1.07023664163447,0.847347077458916,1.13639332517417,58,0.962919562930151,"Cons N Básico / Alimentos Processados"
0.0516418192779661,1.15143796060321,1.64269632605337,0.621165463375226,58,1.02038622455772,"Cons N Cíclico / Bebidas"
0.0482966269766266,1.12419536497394,1.08236908674804,0.985340227377237,58,1.0665018020424,"Cons N Cíclico / Fumo"
0.023333668584239,1.06750956504597,1.02995941623481,0.972051554057932,58,1.00117365116765,"Cons N Cíclico / Pr Pessoal Limp"
0.00969113139920908,1.03791597185929,1.10360326764474,0.884063558538734,58,0.975655432008984,"Const e Transp / Constr e Engenh"
0.00664168656401949,1.05064883618489,1.72985533269173,0.57997125613098,58,1.0032663702261,"Consumo Cíclico / Tecid Vest Calç"
0.00976061278102413,1.05771523546369,1.02475826904761,0.936372544005492,58,0.959555507378775,"Utilidade Públ / Água Saneamento"
0.0123139471482539,1.04645891672483,0.939700334361312,1.10883987106596,59,1.04197719759384,"Bens Indls / Mat Transporte"
0.0507473133705819,1.06486094169148,0.78330711812245,1.21584755624397,59,0.952382045357689,"Cons N Básico / Alimentos Processados"
0.0589366837527207,1.16108092607826,1.48124395750004,0.660285656003348,59,0.978044138178912,"Cons N Cíclico / Bebidas"
0.0428619873294966,1.11378279072863,1.02909773557824,1.03733615520901,59,1.06752028835903,"Cons N Cíclico / Fumo"
0.0306466352787168,1.06399172040036,0.950879723341732,1.03744569558152,59,0.986486075996629,"Cons N Cíclico / Pr Pessoal Limp"
0.0130361624441435,1.0272214664354,1.05212033227289,0.91232053568978,59,0.959870985149314,"Const e Transp / Constr e Engenh"
0.00619811480603604,1.05484616977079,1.58327324815719,0.62540539664628,59,0.99018763376319,"Consumo Cíclico / Tecid Vest Calç"
0.0139837083594975,1.05500307445941,0.923108628930658,1.00903931033883,59,0.931452894304017,"Utilidade Públ / Água Saneamento"
0.0129558707726271,1.05704747723483,0.88967443156075,1.19609684644337,60,1.06413678195111,"Bens Indls / Mat Transporte"
0.0486503894506733,1.06481787034903,0.765175990833744,1.24786973832793,60,0.954839963456522,"Cons N Básico / Alimentos Processados"
0.0664968293833107,1.16743608737963,1.46602083056216,0.669957257349885,60,0.982171294861223,"Cons N Cíclico / Bebidas"
0.0591033749020877,1.1287252160007,1.03798746013391,1.03042745094049,60,1.06957077265398,"Cons N Cíclico / Fumo"
0.0332434804691026,1.07119993113365,0.992949880895398,1.00634263616906,60,0.999247800724028,"Cons N Cíclico / Pr Pessoal Limp"
0.0168427733667559,1.0391137154853,1.02300641532126,0.948333836860901,60,0.970151598974928,"Const e Transp / Constr e Engenh"
0.0053259126661274,1.04908536573902,1.57160195831259,0.621972872976371,60,0.977493785186972,"Consumo Cíclico / Tecid Vest Calç"
0.0168638104241499,1.05148684057571,0.853270105318802,1.06379052027905,60,0.907700649275649,"Utilidade Públ / Água Saneamento"
0.0215832894790809,1.06899694765285,0.859272802110069,1.2352763754512,61,1.06143939251432,"Bens Indls / Mat Transporte"
0.0508878726202885,1.06267832040461,0.716007544331912,1.31413797602876,61,0.940932705129665,"Cons N Básico / Alimentos Processados"
0.073994690940595,1.17286592308751,1.44688785696216,0.691796149633704,61,1.00095144839818,"Cons N Cíclico / Bebidas"
0.0777999108944482,1.1398665411428,1.03116460348904,1.03948107964863,61,1.07187609533024,"Cons N Cíclico / Fumo"
0.0301714233831305,1.07159582605972,0.965229652087951,1.03476594247633,61,0.99878677064889,"Cons N Cíclico / Pr Pessoal Limp"
0.0133361248791204,1.03958447493413,0.928209299790845,1.04447728129709,61,0.969493525920216,"Const e Transp / Constr e Engenh"
0.00492089696838735,1.04759418236029,1.51511644877806,0.639259857672689,61,0.968553125403412,"Consumo Cíclico / Tecid Vest Calç"
0.00774672648743177,1.03920722783945,0.803391511090738,1.1187553056856,61,0.898798515575532,"Utilidade Públ / Água Saneamento"
0.0167091846174368,1.05988533209553,0.77026478740234,1.34919274520464,62,1.03923566304983,"Bens Indls / Mat Transporte"
0.0592969112648203,1.06226856578147,0.665399519163865,1.37857084567783,62,0.917300377847353,"Cons N Básico / Alimentos Processados"
0.0758510209011458,1.17486050916191,1.34939132471496,0.699155739394318,62,0.943434689363362,"Cons N Cíclico / Bebidas"
0.047352553474783,1.11628283888617,0.966625545595838,1.07949380478054,62,1.04346628801332,"Cons N Cíclico / Fumo"
0.0357616344647459,1.08383506880473,0.938509285252441,1.08409368668915,62,1.01743199104132,"Cons N Cíclico / Pr Pessoal Limp"
0.0273477720234028,1.05663009598998,0.887290769620579,1.08903118795429,62,0.966287320900778,"Const e Transp / Constr e Engenh"
0.00438416547958361,1.03420603493549,1.33631260115051,0.714521188783741,62,0.954823668360758,"Consumo Cíclico / Tecid Vest Calç"
0.0145659267323979,1.04753911174152,0.731622991981112,1.22258080100931,62,0.894468223573099,"Utilidade Públ / Água Saneamento"
0.0218092227052243,1.0652481481867,0.708318026081266,1.43925996110654,63,1.01945377466878,"Bens Indls / Mat Transporte"
0.0613149266044712,1.05773631664375,0.6093577132089,1.50280710249868,63,0.915747099372687,"Cons N Básico / Alimentos Processados"
0.0803014985357572,1.17009310167145,1.27512150529054,0.740397555859782,63,0.94409684594136,"Cons N Cíclico / Bebidas"
0.0365768052350247,1.10385843032364,0.888062087074661,1.19176186366291,63,1.05835852794047,"Cons N Cíclico / Fumo"
0.0225557293624351,1.06587891688377,0.818529087394498,1.22262492291741,63,1.00075406238135,"Cons N Cíclico / Pr Pessoal Limp"
0.0149279304896463,1.04442083527553,0.815400889487192,1.18850151903806,63,0.969105195780513,"Const e Transp / Constr e Engenh"
0.00609977611035051,1.04056294373119,1.279580224136,0.75413049477142,63,0.964970467527407,"Consumo Cíclico / Tecid Vest Calç"
0.0157990853123497,1.04852490555369,0.683850901656429,1.30731514585367,63,0.894008641241138,"Utilidade Públ / Água Saneamento"
0.0123235449185692,1.04806020345651,0.619618504150083,1.65378911304653,64,1.02471833640558,"Bens Indls / Mat Transporte"
0.0519254136228557,1.04751891262358,0.533189161783767,1.74886337734776,64,0.932474998242381,"Cons N Básico / Alimentos Processados"
0.0716248211321009,1.15327834083462,1.11641976485676,0.836975730309237,64,0.934416248022652,"Cons N Cíclico / Bebidas"
0.0257540097422415,1.09078802197856,0.795113968952861,1.33458036467573,64,1.06114349064388,"Cons N Cíclico / Fumo"
0.0291208755519122,1.07131190420624,0.72255011154016,1.36549716311945,64,0.986640127519734,"Cons N Cíclico / Pr Pessoal Limp"
0.0205788971545979,1.04711654446717,0.704888726526094,1.3922258931704,64,0.981364336873538,"Const e Transp / Constr e Engenh"
0.00825900054473198,1.03147781036118,1.07295317622898,0.889445800673121,64,0.954333696915755,"Consumo Cíclico / Tecid Vest Calç"
0.00920333298041003,1.03431388247232,0.581462689733027,1.58183419898601,64,0.919777568054091,"Utilidade Públ / Água Saneamento"
0.0249912576313708,1.06148187032003,0.584418230212236,1.73231562847863,65,1.01239683376448,"Bens Indls / Mat Transporte"
0.0533559187137146,1.0397508010353,0.475683992956339,1.89448814877692,65,0.901177687218669,"Cons N Básico / Alimentos Processados"
0.0704069437393073,1.15272168589872,1.05201642805613,0.948604530936005,65,0.997947550273152,"Cons N Cíclico / Bebidas"
0.0277712295672708,1.09349286489073,0.703723756608552,1.4450252436573,65,1.0168985928607,"Cons N Cíclico / Fumo"
0.0341922653519806,1.07246012342917,0.637191837178821,1.55025674041347,65,0.987810940522909,"Cons N Cíclico / Pr Pessoal Limp"
0.0276208297818778,1.04687572331883,0.663741597772747,1.49080582742669,65,0.989509841865115,"Const e Transp / Constr e Engenh"
0.00732389331092147,1.03295865372445,0.993602316053317,0.950015474746713,65,0.943937575994826,"Consumo Cíclico / Tecid Vest Calç"
0.0119866457659805,1.03134397665663,0.517494847125573,1.74711172747457,65,0.904121316320749,"Utilidade Públ / Água Saneamento"
0.0269236660448759,1.07132889262397,0.582223179869321,1.76559807512134,66,1.0279721256683,"Bens Indls / Mat Transporte"
0.0423302543433778,1.05094092244196,0.48307434413505,1.90907569809375,66,0.922225490760802,"Cons N Básico / Alimentos Processados"
0.0868592092584527,1.16709186198447,1.01728725427518,0.977325103125819,66,0.994220370693075,"Cons N Cíclico / Bebidas"
0.0338699143447314,1.09996591039892,0.690105102943789,1.45667240314198,66,1.00525705872567,"Cons N Cíclico / Fumo"
0.0316218099598895,1.07210346716951,0.591277458419941,1.61812697155159,66,0.956762003139782,"Cons N Cíclico / Pr Pessoal Limp"
0.0285217481624881,1.03928549207191,0.654567829420708,1.4944291320613,66,0.978205233196435,"Const e Transp / Constr e Engenh"
0.0124198756825836,1.01245436851003,0.959713006240464,0.967071793585198,66,0.928111378272009,"Consumo Cíclico / Tecid Vest Calç"
0.0121077457488327,1.03084820763837,0.495831268030644,1.78832827665827,66,0.886709077070527,"Utilidade Públ / Água Saneamento"
0.0266130569742311,1.07473950540466,0.554795213718793,1.83702283594309,67,1.01917147687335,"Bens Indls / Mat Transporte"
0.0351216419774462,1.04425272705807,0.499799644354263,1.87218621268352,67,0.935718003264175,"Cons N Básico / Alimentos Processados"
0.106425604929049,1.18017171927191,0.991556876644169,1.05142716720276,67,1.04254983793039,"Cons N Cíclico / Bebidas"
0.024621272865536,1.08894375394765,0.651299618725351,1.49649968884321,67,0.974669676766192,"Cons N Cíclico / Fumo"
0.0293065569971355,1.07461087337807,0.552505271811103,1.69222382602366,67,0.934962584962429,"Cons N Cíclico / Pr Pessoal Limp"
0.046060481999409,1.04134564727729,0.623519018646945,1.5338415832388,67,0.956379398740935,"Const e Transp / Constr e Engenh"
0.0104944704418819,1.01699542162938,0.958636131017377,0.957927757959779,67,0.918304159684713,"Consumo Cíclico / Tecid Vest Calç"
0.0111936225259056,1.03573691354059,0.505927483016673,1.78500793734769,67,0.903084572907102,"Utilidade Públ / Água Saneamento"
0.0251752676597893,1.06787812993104,0.551010581716981,1.82906099841789,68,1.00783196473408,"Bens Indls / Mat Transporte"
0.0209495483032626,1.02324832347869,0.514568112421001,1.81916323525804,68,0.936083392152412,"Cons N Básico / Alimentos Processados"
0.119009711953217,1.18621126915371,0.972092460226441,1.06214600101916,68,1.0325041192504,"Cons N Cíclico / Bebidas"
0.0323093099881285,1.08838834311077,0.63149453742561,1.51287387044899,68,0.95537158500248,"Cons N Cíclico / Fumo"
0.022566412595331,1.0718175738261,0.520202064681125,1.74168737862533,68,0.906029370389953,"Cons N Cíclico / Pr Pessoal Limp"
0.0459554832823852,1.05325450005437,0.639016308979304,1.53000374302465,68,0.977697344592135,"Const e Transp / Constr e Engenh"
0.0074521556030683,1.02547540899821,0.97040235969196,0.929818876394283,68,0.90229843173914,"Consumo Cíclico / Tecid Vest Calç"
0.0106585285630502,1.02855801025981,0.504175131048543,1.78349155165827,68,0.899192086781279,"Utilidade Públ / Água Saneamento"
0.0160055426491029,1.05196679379479,0.582167637438315,1.76343483424146,69,1.02661469122678,"Bens Indls / Mat Transporte"
0.016963888966723,1.01610828480561,0.549001417816308,1.76913111251164,69,0.971255489071834,"Cons N Básico / Alimentos Processados"
0.136263273107757,1.19027941750129,0.922621457167483,1.07151813854967,69,0.988605626370081,"Cons N Cíclico / Bebidas"
0.0250580363541036,1.09089739708964,0.610667539019542,1.54683643934069,69,0.944602801677933,"Cons N Cíclico / Fumo"
0.0196175760332715,1.06827240595066,0.504411802976766,1.7822446619684,69,0.898985243289196,"Cons N Cíclico / Pr Pessoal Limp"
0.0239363412761532,1.03151346187297,0.637848236479979,1.52002794456706,69,0.969547143842389,"Const e Transp / Constr e Engenh"
0.0115477906340727,1.01757495913626,1.00764392210825,0.911601428133342,69,0.918569638443762,"Consumo Cíclico / Tecid Vest Calç"
0.0125622904113528,1.04308185164525,0.537365305145234,1.74492344119461,69,0.937661317432616,"Utilidade Públ / Água Saneamento"
0.00968116065226194,1.04327737340192,0.61940436454613,1.68044760943703,70,1.04087658367641,"Bens Indls / Mat Transporte"
0.0150135888424093,1.01493878670297,0.596983139154639,1.68165611889443,70,1.0039203488362,"Cons N Básico / Alimentos Processados"
0.161819060224508,1.1983429078076,0.899998187233893,1.13403482902585,70,1.02062929038337,"Cons N Cíclico / Bebidas"
0.038086708445924,1.10207970487189,0.626740202415722,1.53547954978621,70,0.962346763838214,"Cons N Cíclico / Fumo"
0.0188728987157529,1.05808551471064,0.494664939525184,1.78780242305716,70,0.884363177484547,"Cons N Cíclico / Pr Pessoal Limp"
0.0210299034345429,1.03229510077572,0.673616945576007,1.46202503945389,70,0.984844841432571,"Const e Transp / Constr e Engenh"
0.0198255520350045,1.00250511612662,1.02122855696213,0.895733970166651,70,0.914749109775252,"Consumo Cíclico / Tecid Vest Calç"
0.012770787870394,1.02861258756855,0.567700362595058,1.67141255652134,70,0.948861514383095,"Utilidade Públ / Água Saneamento"
0.00868504822186846,1.04595188760536,0.678908914430717,1.55725168825086,71,1.05723205316579,"Bens Indls / Mat Transporte"
0.0123956280841129,1.02544941714089,0.606081370637491,1.67580343668263,71,1.01567324382362,"Cons N Básico / Alimentos Processados"
0.200345182502818,1.20712702966769,0.906768133367554,1.13605021085735,71,1.03013412911093,"Cons N Cíclico / Bebidas"
0.0491310320807003,1.10928209021957,0.609377497762731,1.57972097889613,71,0.962646417283016,"Cons N Cíclico / Fumo"
0.0249557208778001,1.06635526245272,0.492724969793925,1.8077735008473,71,0.890735143599244,"Cons N Cíclico / Pr Pessoal Limp"
0.0194775774041809,1.03771386306553,0.686516098961108,1.45527079579272,71,0.999066829659643,"Const e Transp / Constr e Engenh"
0.021465375991009,1.01714784867352,1.08683226079941,0.876327871596411,71,0.952421401888663,"Consumo Cíclico / Tecid Vest Calç"
0.0158219170770213,1.0376681617786,0.58993577254377,1.65416352967655,71,0.975850239793464,"Utilidade Públ / Água Saneamento"
0.0087850841929543,1.03598800838082,0.694524512236502,1.49122709234188,72,1.0356937689426,"Bens Indls / Mat Transporte"
0.0176401048751984,1.03340806910368,0.607878815517227,1.68464829363022,72,1.02406200929506,"Cons N Básico / Alimentos Processados"
0.265203631184427,1.21999028803032,0.868291422378705,1.1702854118732,72,1.01614878486443,"Cons N Cíclico / Bebidas"
0.0643365357413029,1.10982257106775,0.582111431449699,1.60571377792978,72,0.934704345769206,"Cons N Cíclico / Fumo"
0.0341496020438042,1.06359843448518,0.459117945641259,1.90117926369053,72,0.872865517841358,"Cons N Cíclico / Pr Pessoal Limp"
0.0209951581768948,1.0349291268184,0.666820339744228,1.47397731918084,72,0.982878056751455,"Const e Transp / Constr e Engenh"
0.0160862585546,1.01643989252748,1.06475265630228,0.89208470334716,72,0.949849557535517,"Consumo Cíclico / Tecid Vest Calç"
0.0123361394324361,1.03557469355239,0.614040401253889,1.64118146377432,72,1.00775172454643,"Utilidade Públ / Água Saneamento"
