"","colunas","faixa_temporal_por_setores","coeficiente_B","sse","volatilidade","mape","b_volatilidade"
"1","Bens Indls / Mat Transporte","2008.1",0.6868,0.312565494046464,1.23314358748333,0.189473603766389,0.846923015883551
"2","Cons N Cíclico / Bebidas","2008.1",0.533,1.09133736209081,1.05803968431678,0.286086781993143,0.563935151740844
"3","Cons N Cíclico / Fumo","2008.1",0.858099999999999,0.219833521098091,1.09475722311203,0.186870370015455,0.939411173152432
"4","Cons N Cíclico / Pr Pessoal Limp","2008.1",0.730899999999999,0.0528323655292525,1.24858019032485,0.0794161801979288,0.912587261108432
"5","Consumo Cíclico / Comércio","2008.1",0.6208,0.167180128914633,1.36196547388527,0.144169928782732,0.845508166187976
"6","Consumo Cíclico / Tecid Vest Calç","2008.1",0.787999999999999,0.129157412625105,1.17050568718495,0.171627572398914,0.922358481501739
"7","Mats Básicos / Mineração","2008.1",0.918999999999999,0.0266134334046695,1.07254548490834,0.0660068894587698,0.985669300630763
"8","Mats Básicos / Químicos","2008.1",0.5791,0.0614914898071706,1.4381925403022,0.060617119094698,0.832857300089004
"9","Mats Básicos / Sid Metalurgia","2008.1",0.745299999999999,0.313898497777043,1.21904254097665,0.181049459382594,0.908552405789896
"10","Petróleo, Gás e Biocombustíveis","2008.1",0.867899999999999,0.034417645423383,1.11798147758372,0.0551458088524208,0.97029612439491
"11","Telecomunicação / Telefonia Fixa","2008.1",0.4352,0.451294042548968,1.65689406891792,0.212872613136393,0.721080298793079
"12","Telecomunicação / Telefonia Móvel","2008.1",0.5828,0.161767796073044,1.4045421477601,0.145587940073052,0.818567163714586
"13","Utilidade Públ / Água Saneamento","2008.1",0.884899999999999,0.0495860024151926,1.11742569710716,0.0879992352690739,0.988809999370125
"14","Bens Indls / Mat Transporte","2008.2",0.786099999999999,0.174949137182054,1.15172123458294,0.147451226322034,0.905368062505648
"15","Cons N Cíclico / Bebidas","2008.2",1.9267,0.419178284116228,0.430936866094228,0.198657748662896,0.830286059903749
"16","Cons N Cíclico / Fumo","2008.2",0.6585,0.121251965534461,1.23765815978676,0.122683451338593,0.814997898219581
"17","Cons N Cíclico / Pr Pessoal Limp","2008.2",0.5823,0.122712051603473,1.43971441647107,0.133898340286763,0.838345704711104
"18","Consumo Cíclico / Comércio","2008.2",0.850399999999999,0.216818324240875,1.11431206033153,0.19601177319073,0.947610976105932
"19","Consumo Cíclico / Tecid Vest Calç","2008.2",0.893099999999999,0.0292254606135232,1.01649513638795,0.0678190090875189,0.907831806308077
"20","Mats Básicos / Mineração","2008.2",0.6192,0.0833129770525325,1.36636389362176,0.105402340150216,0.846052522930594
"21","Mats Básicos / Químicos","2008.2",0.6933,0.153221960870031,1.28310007719082,0.123693146539547,0.889573283516396
"22","Mats Básicos / Sid Metalurgia","2008.2",0.871699999999999,0.262500599084224,1.07955199842943,0.200497411533676,0.941045477030933
"23","Petróleo, Gás e Biocombustíveis","2008.2",0.6715,0.0863789701601108,1.31069914210236,0.12680251553769,0.880134473921735
"24","Telecomunicação / Telefonia Fixa","2008.2",0.6177,0.315961963446772,1.32814641649966,0.185281639505162,0.82039604147184
"25","Telecomunicação / Telefonia Móvel","2008.2",0.847899999999999,0.0221486375759394,1.11637472612086,0.0352069119921923,0.946574130277876
"26","Utilidade Públ / Água Saneamento","2008.2",0.716799999999999,0.175073344496505,1.30029885418324,0.168301617401992,0.932054218678545
"27","Bens Indls / Mat Transporte","2008.3",0.837499999999999,0.13913304055197,1.10553726723195,0.132284113778846,0.925887461306757
"28","Cons N Cíclico / Bebidas","2008.3",2.744,0.141128969752629,0.438443080657846,0.106562848549354,1.20308781332513
"29","Cons N Cíclico / Fumo","2008.3",0.754499999999999,0.17398699790564,1.19806547130242,0.166132297686619,0.903940398097675
"30","Cons N Cíclico / Pr Pessoal Limp","2008.3",0.740499999999999,0.11625270626895,1.2514905722726,0.142587935511495,0.926728768767859
"31","Consumo Cíclico / Comércio","2008.3",1.0819,0.0719925693168391,0.989266093387676,0.0881353811863422,1.07028698643613
"32","Consumo Cíclico / Tecid Vest Calç","2008.3",0.9988,0.0539881298410754,0.963813585243401,0.0753302373457689,0.962657008941109
"33","Mats Básicos / Mineração","2008.3",0.795699999999999,0.0170919666326701,1.18434706881282,0.0530462739149545,0.94238496265436
"34","Mats Básicos / Químicos","2008.3",1.0515,0.0600660512714575,0.977492852948423,0.100197044967707,1.02783373487527
"35","Mats Básicos / Sid Metalurgia","2008.3",0.792099999999999,0.0930113669726717,1.1988019567252,0.114592396147234,0.94957102992203
"36","Petróleo, Gás e Biocombustíveis","2008.3",0.6727,0.108435137479354,1.34085185687406,0.149054357540138,0.90199104411918
"37","Telecomunicação / Telefonia Fixa","2008.3",0.963899999999999,0.109992115528732,1.05781306932463,0.0891527304923785,1.01962601752201
"38","Telecomunicação / Telefonia Móvel","2008.3",0.6415,0.110138022416987,1.30250789650952,0.135831495269962,0.835558815610857
"39","Utilidade Públ / Água Saneamento","2008.3",0.940599999999999,0.0348924355598316,1.0575568530048,0.0878511234293462,0.994737975936314
"40","Bens Indls / Mat Transporte","2008.4",0.719599999999999,0.220458342745519,1.24230642094974,0.176033865751454,0.893963700515432
"41","Cons N Cíclico / Bebidas","2008.4",0.798899999999999,0.257083363636543,1.08727001369431,0.208211055954501,0.868620013940383
"42","Cons N Cíclico / Fumo","2008.4",0.6707,0.178805156116996,1.24590046597106,0.163609416851802,0.83562544252679
"43","Cons N Cíclico / Pr Pessoal Limp","2008.4",0.4956,0.115711909481709,1.59167784461853,0.127176594014957,0.788835539792943
"44","Consumo Cíclico / Comércio","2008.4",0.800699999999999,0.185336118349263,1.18752361055609,0.144202389879548,0.95085015497226
"45","Consumo Cíclico / Tecid Vest Calç","2008.4",0.744499999999999,0.0152894644375607,1.08097417693672,0.0445646234020586,0.804785274729387
"46","Mats Básicos / Mineração","2008.4",0.890499999999999,0.0184139966826737,1.1064291327513,0.0362589170421804,0.985275142715032
"47","Mats Básicos / Químicos","2008.4",0.913799999999999,0.0756515279379676,1.05182155040621,0.132156878793793,0.961154532761194
"48","Mats Básicos / Sid Metalurgia","2008.4",0.804199999999999,0.0572513509920824,1.16059595009956,0.0832852275521112,0.933351263070065
"49","Petróleo, Gás e Biocombustíveis","2008.4",0.701399999999999,0.0174582489452452,1.27755733720529,0.0358131725304365,0.896078716315789
"50","Telecomunicação / Telefonia Fixa","2008.4",0.6868,0.360293488203268,1.28528813734552,0.243769807898217,0.882735892728903
"51","Telecomunicação / Telefonia Móvel","2008.4",0.911799999999999,0.0259435469517558,1.03947819840013,0.0637670192844055,0.947796221301237
"52","Utilidade Públ / Água Saneamento","2008.4",0.6772,0.106659164534482,1.35890987654062,0.104295544997058,0.920253768393308
"53","Bens Indls / Mat Transporte","2009.1",0.710499999999999,0.329172557465676,1.26889323782419,0.194504115603449,0.901548645474086
"54","Cons N Cíclico / Bebidas","2009.1",0.981399999999999,0.241805985884869,0.842937435741808,0.137283726449781,0.82725879943701
"55","Cons N Cíclico / Fumo","2009.1",1.4057,0.105325339004465,0.710693427237903,0.108616089013342,0.99902175066832
"56","Cons N Cíclico / Pr Pessoal Limp","2009.1",0.769099999999999,0.13063031033938,1.18657126538174,0.0942559824109753,0.912591960205095
"57","Consumo Cíclico / Comércio","2009.1",0.7029,0.282453622729713,1.28112212376934,0.188526798302599,0.900500740797469
"58","Consumo Cíclico / Tecid Vest Calç","2009.1",0.867999999999999,0.0219444099514994,0.994550752923809,0.0469671212174428,0.863270053537865
"59","Mats Básicos / Mineração","2009.1",0.592,0.114225677631971,1.44066967322556,0.120985867901961,0.852876446549531
"60","Mats Básicos / Químicos","2009.1",0.6116,0.0621632682293471,1.37251883235787,0.0970128114738915,0.839432517870073
"61","Mats Básicos / Sid Metalurgia","2009.1",0.5768,0.317713853508187,1.44800908408169,0.186978505635104,0.835211639698319
"62","Petróleo, Gás e Biocombustíveis","2009.1",0.802299999999999,0.0247347814340502,1.19176625401751,0.0478345993098679,0.956154065598247
"63","Telecomunicação / Telefonia Fixa","2009.1",0.6225,0.32317826205677,1.32864047368947,0.196500636525958,0.827078694871695
"64","Telecomunicação / Telefonia Móvel","2009.1",0.5845,0.264719563471839,1.32623617961021,0.185711310650768,0.775185046982168
"65","Utilidade Públ / Água Saneamento","2009.1",0.5541,0.0880357352858374,1.3609893585392,0.107685478537444,0.754124203566571
"66","Bens Indls / Mat Transporte","2009.2",0.5999,0.442098910089312,1.39670644523963,0.244626795512277,0.837884196499254
"67","Cons N Cíclico / Bebidas","2009.2",0.6622,0.403411512843596,1.1950722291028,0.188143848272482,0.791376830111874
"68","Cons N Cíclico / Fumo","2009.2",0.717499999999999,0.14892093014111,1.19893669235672,0.142223439568872,0.860237076765945
"69","Cons N Cíclico / Pr Pessoal Limp","2009.2",0.6466,0.125808089542075,1.36241761944426,0.119643969992961,0.880939232732659
"70","Consumo Cíclico / Comércio","2009.2",0.762999999999999,0.102222977672427,1.19424132570788,0.115578946549462,0.911206131515111
"71","Consumo Cíclico / Tecid Vest Calç","2009.2",1.3296,0.0586381135290244,0.734475109920882,0.0983338409458819,0.976558106150805
"72","Mats Básicos / Mineração","2009.2",0.884399999999999,0.055355117703192,1.12204413894642,0.076402534447639,0.992335836484213
"73","Mats Básicos / Químicos","2009.2",0.5651,0.147060941883074,1.43491335544007,0.12557795316806,0.810869537159184
"74","Mats Básicos / Sid Metalurgia","2009.2",0.6446,0.190530906406963,1.33985745546859,0.130597051588567,0.863672115795053
"75","Petróleo, Gás e Biocombustíveis","2009.2",0.785899999999999,0.0437884549639733,1.19001628569181,0.0969908036942681,0.935233798925192
"76","Telecomunicação / Telefonia Fixa","2009.2",0.5864,0.545076446776803,1.45237978496912,0.257480820625852,0.851675505905892
"77","Telecomunicação / Telefonia Móvel","2009.2",0.6759,0.085826462100454,1.27292872618919,0.0671639571537639,0.860372526031273
"78","Utilidade Públ / Água Saneamento","2009.2",0.722599999999999,0.0393829547163394,1.2638228302825,0.0593645017883946,0.913238377162133
"79","Bens Indls / Mat Transporte","2009.3",0.939999999999999,0.128861637581249,0.98920124358324,0.143872587543086,0.929849168968245
"80","Cons N Cíclico / Bebidas","2009.3",1.0317,0.322316680011264,0.782629738161753,0.189553811081359,0.807439100861481
"81","Cons N Cíclico / Fumo","2009.3",1.6092,0.0700298012765105,0.663677506741207,0.0684059377918241,1.06798984384795
"82","Cons N Cíclico / Pr Pessoal Limp","2009.3",0.757699999999999,0.0474877588852462,1.18416696864061,0.0797507145308313,0.897243312138989
"83","Consumo Cíclico / Comércio","2009.3",0.807299999999999,0.114565299572774,1.16288090806257,0.141074111649571,0.938793757078912
"84","Consumo Cíclico / Tecid Vest Calç","2009.3",1.065,0.0225547569186594,0.940428785029282,0.0507469486085543,1.00155665605619
"85","Mats Básicos / Mineração","2009.3",0.971299999999999,0.0810077492124104,1.04072749309193,0.120082223309028,1.01085861404019
"86","Mats Básicos / Químicos","2009.3",0.909999999999999,0.0184454957684828,1.0307787684534,0.0390421874327131,0.938008679292593
"87","Mats Básicos / Sid Metalurgia","2009.3",0.743699999999999,0.275708542761811,1.24099953549107,0.168748171255153,0.922931354544707
"88","Petróleo, Gás e Biocombustíveis","2009.3",0.732199999999999,0.0550033145983668,1.25612859181948,0.0813635478704585,0.919737354930222
"89","Telecomunicação / Telefonia Fixa","2009.3",0.781799999999999,0.130898906838099,1.14656493991923,0.132618847793189,0.896384470028853
"90","Telecomunicação / Telefonia Móvel","2009.3",0.6958,0.0588577919964747,1.20933426755927,0.0730884796496624,0.84145478336774
"91","Utilidade Públ / Água Saneamento","2009.3",0.815399999999999,0.0591056786352264,1.09220527043809,0.0927783990483082,0.890584177515218
"92","Bens Indls / Mat Transporte","2009.4",1.0544,0.132670639457785,0.931826610915922,0.123927685298312,0.982517978549748
"93","Cons N Cíclico / Bebidas","2009.4",2.1663,0.0327914298523104,0.469335644267968,0.0478082259047498,1.0167218061777
"94","Cons N Cíclico / Fumo","2009.4",0.6074,0.295748171103445,1.44714532071999,0.215321092660428,0.878996067805322
"95","Cons N Cíclico / Pr Pessoal Limp","2009.4",0.943699999999999,0.0199068341535628,1.04685184020107,0.0526218734040691,0.987914081597749
"96","Consumo Cíclico / Comércio","2009.4",0.853499999999999,0.0596879156610595,1.11257555432767,0.0907613421370882,0.949583235618665
"97","Consumo Cíclico / Tecid Vest Calç","2009.4",1.0486,0.0182112261913676,0.878637852127834,0.0439447781264217,0.921339651741247
"98","Mats Básicos / Mineração","2009.4",0.8371,0.11107844916472,1.17015153002079,0.0813805438572756,0.979533845780403
"99","Mats Básicos / Químicos","2009.4",0.697299999999999,0.015645633551376,1.28316426924032,0.0403306649429797,0.894750444941274
"100","Mats Básicos / Sid Metalurgia","2009.4",0.781799999999999,0.180838135500506,1.20158281563339,0.160543333364463,0.939397445262183
"101","Petróleo, Gás e Biocombustíveis","2009.4",0.7351,0.11042181802949,1.23916648926244,0.0944829415255855,0.91091128625682
"102","Telecomunicação / Telefonia Fixa","2009.4",0.6809,0.369608036763657,1.29545990008586,0.209960125937288,0.882078645968462
"103","Telecomunicação / Telefonia Móvel","2009.4",0.820299999999999,0.0509898793970539,1.11718115519684,0.0928428378829216,0.916423701607967
"104","Utilidade Públ / Água Saneamento","2009.4",0.820399999999999,0.0287966563378932,1.0466367719292,0.0481108811183486,0.858660807690715
"105","Bens Indls / Mat Transporte","2010.1",0.6587,0.356691732796391,1.32629714739111,0.237739935288795,0.873631930986524
"106","Cons N Cíclico / Bebidas","2010.1",0.853099999999999,0.170329946731327,1.07989882692351,0.109273251244731,0.921261689248445
"107","Cons N Cíclico / Fumo","2010.1",1.1519,0.0538239917117247,0.885850963288193,0.0788648583256808,1.02041172461167
"108","Cons N Cíclico / Pr Pessoal Limp","2010.1",0.802299999999999,0.0920409688003248,1.20825441911383,0.114300356893605,0.969382520455025
"109","Consumo Cíclico / Comércio","2010.1",0.714499999999999,0.296870375620186,1.25006708678536,0.21277865013265,0.893172933508139
"110","Consumo Cíclico / Tecid Vest Calç","2010.1",0.855999999999999,0.0218706582142425,1.1342055200568,0.0460985888619299,0.97087992516862
"111","Mats Básicos / Mineração","2010.1",0.840899999999999,0.0305628709420283,1.14566628072141,0.0712848566414027,0.963390775458632
"112","Mats Básicos / Químicos","2010.1",1.1762,0.0233000895366726,0.836011391679309,0.0491640752833345,0.983316598893203
"113","Mats Básicos / Sid Metalurgia","2010.1",0.778699999999999,0.341938296169918,1.20883971706082,0.207847029497136,0.941323487675259
"114","Petróleo, Gás e Biocombustíveis","2010.1",0.767899999999999,0.0718875622911632,1.20398748561475,0.1003779842011,0.924541990203565
"115","Telecomunicação / Telefonia Fixa","2010.1",0.952999999999999,0.139800737585595,1.01684761727499,0.149252317912983,0.969055779263065
"116","Telecomunicação / Telefonia Móvel","2010.1",0.820899999999999,0.0705144526822981,1.0961611827864,0.079032529497505,0.899838714949355
"117","Utilidade Públ / Água Saneamento","2010.1",0.6757,0.113976859646154,1.30237821360195,0.119156467278508,0.880016958930838
"118","Bens Indls / Mat Transporte","2010.2",0.6912,0.250301860785185,1.25749095042405,0.197968979573729,0.869177744933103
"119","Cons N Cíclico / Bebidas","2010.2",0.848699999999999,0.133021141741374,1.15424528984296,0.0932491018651201,0.979607977489719
"120","Cons N Cíclico / Fumo","2010.2",0.750399999999999,0.0797469669367627,1.19579489961859,0.112688209716155,0.897324492673789
"121","Cons N Cíclico / Pr Pessoal Limp","2010.2",0.6727,0.0683025987841471,1.26860311473345,0.0976016951485678,0.853389315281192
"122","Consumo Cíclico / Comércio","2010.2",0.6132,0.411000996849097,1.40975208435333,0.221663240197388,0.864459978125462
"123","Consumo Cíclico / Tecid Vest Calç","2010.2",1.1182,0.0572277972411503,0.956581344484458,0.0935256897394782,1.06964925940252
"124","Mats Básicos / Mineração","2010.2",0.758199999999999,0.0820360868010697,1.2463551364278,0.108919797117198,0.944986464439557
"125","Mats Básicos / Químicos","2010.2",0.794999999999999,0.142756794626141,1.13028257981807,0.158221060747144,0.898574650955365
"126","Mats Básicos / Sid Metalurgia","2010.2",0.6164,0.309090477074133,1.39329667150793,0.192122673863485,0.858828068317488
"127","Petróleo, Gás e Biocombustíveis","2010.2",0.835799999999999,0.0974904954949402,1.16173117755949,0.125185062266978,0.970974918204221
"128","Telecomunicação / Telefonia Fixa","2010.2",0.710199999999999,0.452230939741411,1.27378728415677,0.247997977212788,0.904643729208137
"129","Telecomunicação / Telefonia Móvel","2010.2",0.764599999999999,0.070897372928923,1.19812782626938,0.0878989729540014,0.916088535965567
"130","Utilidade Públ / Água Saneamento","2010.2",0.781399999999999,0.0962750537035071,1.19372058657585,0.0994709053207007,0.932773266350368
"131","Bens Indls / Mat Transporte","2010.3",1.5786,0.0843403857373859,0.672809607585474,0.0687646119557415,1.06209724653443
"132","Cons N Cíclico / Bebidas","2010.3",1.0328,0.199468869123818,0.891839895184848,0.170475795167056,0.921092243746911
"133","Cons N Cíclico / Fumo","2010.3",0.725999999999999,0.108023471851798,1.24051346482236,0.119617895234017,0.900612775461032
"134","Cons N Cíclico / Pr Pessoal Limp","2010.3",0.6662,0.0456485069662214,1.2944433477326,0.0923030474110196,0.862358158259458
"135","Consumo Cíclico / Comércio","2010.3",0.853699999999999,0.239902958961509,1.11745519163444,0.187555587777206,0.95397149709832
"136","Consumo Cíclico / Tecid Vest Calç","2010.3",0.7401,0.0495271610123969,1.24793626192698,0.0667986417030753,0.923597627452158
"137","Mats Básicos / Mineração","2010.3",0.896499999999999,0.0160462579318999,1.09510235172203,0.0384373796068271,0.981759258318799
"138","Mats Básicos / Químicos","2010.3",2.0092,0.0152506528199993,0.60532467180056,0.0543477748747022,1.21621833058169
"139","Mats Básicos / Sid Metalurgia","2010.3",0.6469,0.359759029248907,1.34477836110492,0.222697527119766,0.869937121798773
"140","Petróleo, Gás e Biocombustíveis","2010.3",0.7371,0.0361265498260857,1.22655406369045,0.0678222003703577,0.904093000346231
"141","Telecomunicação / Telefonia Fixa","2010.3",1.0681,0.0755809900497812,0.961178438864927,0.102164549498487,1.02663469055163
"142","Telecomunicação / Telefonia Móvel","2010.3",0.675,0.130013107413331,1.28342288619169,0.130467895616907,0.866310448179391
"143","Utilidade Públ / Água Saneamento","2010.3",0.760099999999999,0.0523931617130121,1.196140028201,0.0900028301849626,0.909186035435579
"144","Bens Indls / Mat Transporte","2010.4",0.710199999999999,0.436759228365176,1.23378458754811,0.259930072469858,0.876233814076667
"145","Cons N Cíclico / Bebidas","2010.4",0.6113,0.0556126780944871,1.30210132325558,0.0614599036934674,0.795974538906136
"146","Cons N Cíclico / Fumo","2010.4",0.5748,0.144573989098605,1.41470895832225,0.134398544409902,0.813174709243629
"147","Cons N Cíclico / Pr Pessoal Limp","2010.4",0.6262,0.07810747753827,1.29431559228887,0.0925240468724674,0.81050042389129
"148","Consumo Cíclico / Comércio","2010.4",0.6643,0.453265534521531,1.33063066068529,0.261878054603873,0.883937947893238
"149","Consumo Cíclico / Tecid Vest Calç","2010.4",8.54390000000001,0.0127283695795933,0.236697285371629,0.0481832625914571,2.02231793648666
"150","Mats Básicos / Mineração","2010.4",0.789499999999999,0.0335264575583893,1.16825742506864,0.0603464337961612,0.92233923709169
"151","Mats Básicos / Químicos","2010.4",0.785999999999999,0.0878255343216938,1.10382364938519,0.109064735629269,0.867605388416758
"152","Mats Básicos / Sid Metalurgia","2010.4",0.5947,0.39443205870619,1.402989761369,0.211152769475724,0.834358011086144
"153","Petróleo, Gás e Biocombustíveis","2010.4",0.6781,0.0950756121628247,1.31627445105266,0.108684375864037,0.892565705258809
"154","Telecomunicação / Telefonia Fixa","2010.4",0.5673,0.319081016347779,1.41593283795235,0.205955309034444,0.803258698970368
"155","Telecomunicação / Telefonia Móvel","2010.4",0.6463,0.0790137467129197,1.24373062949848,0.0842645152339066,0.803823105844868
"156","Utilidade Públ / Água Saneamento","2010.4",1.1104,0.0282886854134832,0.92079892893783,0.0452195876807056,1.02245513069257
"157","Bens Indls / Mat Transporte","2011.1",0.871299999999999,0.316089316335441,1.07407991988135,0.216834933241116,0.935845834192619
"158","Cons N Cíclico / Bebidas","2011.1",0.6422,0.131890697711713,1.33472366488822,0.133135596127104,0.857159537591215
"159","Cons N Cíclico / Fumo","2011.1",1.0611,0.0707737196526305,0.949783003470271,0.125556262502504,1.0078147449823
"160","Cons N Cíclico / Pr Pessoal Limp","2011.1",0.6443,0.0933332793878229,1.34071559093645,0.099617185925623,0.863823055240355
"161","Consumo Cíclico / Comércio","2011.1",0.6476,0.146459533923907,1.33201562943253,0.0954669808833763,0.862613321620506
"162","Consumo Cíclico / Tecid Vest Calç","2011.1",0.811899999999999,0.0176420805667335,1.15708050100077,0.0388325280952954,0.939433658762524
"163","Mats Básicos / Mineração","2011.1",0.817699999999999,0.118917937730765,1.16298526977883,0.144100510742749,0.950973055098148
"164","Mats Básicos / Químicos","2011.1",0.582,0.100426082172426,1.4639130293735,0.114149897062948,0.851997383095377
"165","Mats Básicos / Sid Metalurgia","2011.1",0.7036,0.319207676547527,1.22413893606681,0.222666831030314,0.861304155416608
"166","Petróleo, Gás e Biocombustíveis","2011.1",0.733899999999999,0.209141866966626,1.28460595254553,0.190731226886534,0.942772308573163
"167","Telecomunicação / Telefonia Fixa","2011.1",0.778499999999999,0.321740435991075,1.14826615232002,0.246379032888249,0.893925199581134
"168","Telecomunicação / Telefonia Móvel","2011.1",0.6616,0.0555082146793895,1.22649485567718,0.0990902652316994,0.811448996516022
"169","Utilidade Públ / Água Saneamento","2011.1",0.6689,0.0947439681211463,1.3287125491428,0.0803926332776291,0.888775824121619
"170","Bens Indls / Mat Transporte","2011.2",0.6698,0.319149322826,1.34169173875553,0.171425607165966,0.898665126618454
"171","Cons N Cíclico / Bebidas","2011.2",1.4989,0.0788899456224077,0.772807638758541,0.0948371041796721,1.15836136973518
"172","Cons N Cíclico / Fumo","2011.2",0.4555,0.186018977053113,1.48999545692506,0.138463848330208,0.678692930629365
"173","Cons N Cíclico / Pr Pessoal Limp","2011.2",0.787999999999999,0.0335145841116777,1.2173503392222,0.0641448009465496,0.959272067307092
"174","Consumo Cíclico / Comércio","2011.2",0.880499999999999,0.139877033162482,1.11364446200912,0.141821935244722,0.980563948799029
"175","Consumo Cíclico / Tecid Vest Calç","2011.2",0.738299999999999,0.0641593348486568,1.21575285048406,0.104652551806216,0.89759032951238
"176","Mats Básicos / Mineração","2011.2",0.802299999999999,0.0283310486655912,1.19109455086497,0.0489635331333767,0.955615158158964
"177","Mats Básicos / Químicos","2011.2",0.7441,0.0986772834895258,1.24100239025763,0.115450016134377,0.923429878590702
"178","Mats Básicos / Sid Metalurgia","2011.2",0.6435,0.358824553682196,1.34803799089943,0.199175411794394,0.867462447143783
"179","Petróleo, Gás e Biocombustíveis","2011.2",0.753399999999999,0.124325171562385,1.2484506026299,0.146116481066435,0.940582684021365
"180","Telecomunicação / Telefonia Fixa","2011.2",0.722899999999999,0.313489073353144,1.2320049683599,0.22716785804685,0.89061639162737
"181","Telecomunicação / Telefonia Móvel","2011.2",1.081,0.0521044651944706,0.963649969298314,0.0661295528997583,1.04170561681148
"182","Utilidade Públ / Água Saneamento","2011.2",0.6593,0.140690491152983,1.36990204283364,0.124635987280383,0.903176416840219
"183","Bens Indls / Mat Transporte","2011.3",0.5746,0.30121730103726,1.48118004849537,0.189981444848887,0.85108605586544
"184","Cons N Cíclico / Bebidas","2011.3",0.6623,0.0944432558331309,1.37959067247383,0.0816850963491747,0.913702902379418
"185","Cons N Cíclico / Fumo","2011.3",1.5106,0.0456746328734588,0.82290057723795,0.0879021109082331,1.24307361197565
"186","Cons N Cíclico / Pr Pessoal Limp","2011.3",0.5624,0.147452113584068,1.50007118442921,0.12783441656524,0.843640034122988
"187","Consumo Cíclico / Comércio","2011.3",0.3792,0.887906493188196,1.84749407284416,0.343492145495298,0.700569752422505
"188","Consumo Cíclico / Tecid Vest Calç","2011.3",0.890799999999999,0.197953172101453,1.122092324713,0.201560732066365,0.999559842854339
"189","Mats Básicos / Mineração","2011.3",0.727299999999999,0.0990149818484297,1.30417503180379,0.102674649620577,0.948526500630895
"190","Mats Básicos / Químicos","2011.3",0.711599999999999,0.111436045543172,1.42480854099279,0.101155475924425,1.01389375777047
"191","Mats Básicos / Sid Metalurgia","2011.3",0.4752,0.532576431763835,1.63944340490192,0.248484385732046,0.779063506009392
"192","Petróleo, Gás e Biocombustíveis","2011.3",0.936699999999999,0.0722955084284017,1.09391872348348,0.117289029405489,1.02467366828697
"193","Telecomunicação / Telefonia Fixa","2011.3",0.6537,0.421960946997873,1.34679873894071,0.267446040537226,0.880402335645542
"194","Telecomunicação / Telefonia Móvel","2011.3",0.6706,0.274335996595822,1.31622653937438,0.253097719491608,0.882661517304459
"195","Utilidade Públ / Água Saneamento","2011.3",0.6988,0.173663027330681,1.39165380387525,0.139165586340567,0.972487678148025
"196","Bens Indls / Mat Transporte","2011.4",0.737599999999999,0.297898577660499,1.24326283314236,0.20861298445223,0.917030665725804
"197","Cons N Cíclico / Bebidas","2011.4",0.5203,0.174759983274121,1.45683879497563,0.151328169833529,0.75799322502582
"198","Cons N Cíclico / Fumo","2011.4",0.816299999999999,0.0892016298093135,1.08884827538567,0.0682110126864477,0.888826847197321
"199","Cons N Cíclico / Pr Pessoal Limp","2011.4",1.2694,0.1000063251418,0.894822640057597,0.0867845078345479,1.13588785928911
"200","Consumo Cíclico / Comércio","2011.4",0.5693,0.296394472501538,1.42105722921019,0.172918656354971,0.809007880589361
"201","Consumo Cíclico / Tecid Vest Calç","2011.4",0.6269,0.113175489392861,1.40859691810563,0.122739021857182,0.883049407960419
"202","Mats Básicos / Mineração","2011.4",0.742899999999999,0.0800268016668089,1.24853785397823,0.124064063447644,0.927538771720426
"203","Mats Básicos / Químicos","2011.4",0.726799999999999,0.119905309082571,1.26833075239893,0.16480859941102,0.921822790843541
"204","Mats Básicos / Sid Metalurgia","2011.4",0.5685,0.230969503927922,1.42620996431185,0.175642646139209,0.810800364711287
"205","Petróleo, Gás e Biocombustíveis","2011.4",0.723499999999999,0.038069372123182,1.25648246687456,0.0697491013353217,0.909065064783743
"206","Telecomunicação / Telefonia Fixa","2011.4",0.6549,0.334470970839745,1.34116798028239,0.218376648161795,0.878330910286937
"207","Telecomunicação / Telefonia Móvel","2011.4",0.6688,0.159585857651607,1.2771027717303,0.139339259275263,0.854126333733225
"208","Utilidade Públ / Água Saneamento","2011.4",0.6272,0.109930024209125,1.40761579181047,0.131519401930057,0.882856624623527
"209","Bens Indls / Mat Transporte","2012.1",0.758199999999999,0.309413716582856,1.19923836247812,0.166611463534688,0.909262526430909
"210","Cons N Cíclico / Bebidas","2012.1",0.8311,0.053324728175406,1.11897576440172,0.0905995968007874,0.929980757794269
"211","Cons N Cíclico / Fumo","2012.1",0.721799999999999,0.163079498224589,1.21544260057119,0.158518203454698,0.877306469092284
"212","Cons N Cíclico / Pr Pessoal Limp","2012.1",0.6477,0.0494885614950486,1.30589480151236,0.0721675660114788,0.845828062939556
"213","Consumo Cíclico / Comércio","2012.1",0.6732,0.326462972231541,1.29178678625861,0.205311718584727,0.869630864509296
"214","Consumo Cíclico / Tecid Vest Calç","2012.1",0.702099999999999,0.0517928134714981,1.23339591812581,0.0957382115614303,0.86596727411613
"215","Mats Básicos / Mineração","2012.1",1.1161,0.0367096716669681,0.958011840629028,0.058638159974714,1.06923701532606
"216","Mats Básicos / Químicos","2012.1",0.848499999999999,0.037332136624501,1.08095015416672,0.0768559430308473,0.917186205810461
"217","Mats Básicos / Sid Metalurgia","2012.1",0.769499999999999,0.207622095647164,1.20318371397066,0.136871386573528,0.925849867900422
"218","Petróleo, Gás e Biocombustíveis","2012.1",1.0895,0.00786253322022545,0.944631126760594,0.0280726828376717,1.02917561260567
"219","Telecomunicação / Telefonia Fixa","2012.1",1.0873,0.199686709794099,0.913269568432203,0.182086679529995,0.992998001756334
"220","Telecomunicação / Telefonia Móvel","2012.1",0.531,0.0945174693204268,1.51546347126397,0.122077230167492,0.804711103241168
"221","Utilidade Públ / Água Saneamento","2012.1",1.5542,0.0054699055235661,0.706326832577156,0.0289168324757575,1.09777316319142
"222","Bens Indls / Mat Transporte","2012.2",0.735299999999999,0.156428588215648,1.21935683038906,0.147835367525439,0.896593077385075
"223","Cons N Cíclico / Bebidas","2012.2",1.0789,0.0438836513885173,0.979953573571852,0.0754127095042092,1.05727191052667
"224","Cons N Cíclico / Fumo","2012.2",0.7461,0.0816343976325037,1.24401641940487,0.112286033834876,0.928160650517973
"225","Cons N Cíclico / Pr Pessoal Limp","2012.2",0.808299999999999,0.0179099962405567,1.11838258437957,0.0438000131554918,0.903988642954005
"226","Consumo Cíclico / Comércio","2012.2",0.877399999999999,0.217853832293756,1.10323717138516,0.195796391772711,0.967980294173338
"227","Consumo Cíclico / Tecid Vest Calç","2012.2",0.782599999999999,0.080830981470242,1.23288760415402,0.0786905664740801,0.964857839010935
"228","Mats Básicos / Mineração","2012.2",0.892599999999999,0.0479427253305699,1.08668373339416,0.0981373552054252,0.969973900427626
"229","Mats Básicos / Químicos","2012.2",0.812399999999999,0.0266420438535796,1.12128595734935,0.0440985037084282,0.910932711750611
"230","Mats Básicos / Sid Metalurgia","2012.2",0.812499999999999,0.310039451687948,1.17140145561801,0.229704203168453,0.951763682689632
"231","Petróleo, Gás e Biocombustíveis","2012.2",0.783999999999999,0.0966493391206413,1.20817257634715,0.120940495777446,0.947207299856164
"232","Telecomunicação / Telefonia Fixa","2012.2",0.782699999999999,0.191544594743728,1.15901128917815,0.148061560801006,0.907158136039737
"233","Telecomunicação / Telefonia Móvel","2012.2",0.778799999999999,0.0982937416689781,1.16866923657801,0.149705730738145,0.910159601446953
"234","Utilidade Públ / Água Saneamento","2012.2",0.6574,0.108889065967085,1.31036302786952,0.128195908827075,0.861432654521422
"235","Bens Indls / Mat Transporte","2012.3",0.873299999999999,0.226596287327537,1.07442139865245,0.163786043348775,0.938292207443184
"236","Cons N Cíclico / Bebidas","2012.3",0.858399999999999,0.0678130326923411,1.09214373407487,0.101769049468682,0.937496181329867
"237","Cons N Cíclico / Fumo","2012.3",0.928999999999999,0.0750668310134189,1.054833010195,0.0800318231182791,0.979939866471154
"238","Cons N Cíclico / Pr Pessoal Limp","2012.3",0.778499999999999,0.0247173008826737,1.18630633057671,0.0632337341334963,0.923539478353968
"239","Consumo Cíclico / Comércio","2012.3",0.807999999999999,0.261702454423365,1.19263696328989,0.187409371092451,0.96365066633823
"240","Consumo Cíclico / Tecid Vest Calç","2012.3",1.0697,0.0526614688262804,0.904614217991541,0.100490656131705,0.967665828985551
"241","Mats Básicos / Mineração","2012.3",0.839799999999999,0.0324520066908641,1.14368787088529,0.0685400928385357,0.960469073969465
"242","Mats Básicos / Químicos","2012.3",0.6778,0.0968138608253028,1.31361367794479,0.100777628202028,0.890367350910979
"243","Mats Básicos / Sid Metalurgia","2012.3",0.789199999999999,0.307434046701758,1.19850817760463,0.201662665990773,0.945862653765573
"244","Petróleo, Gás e Biocombustíveis","2012.3",0.987099999999999,0.041924433603932,1.08823855516988,0.0679504887179953,1.07420027780819
"245","Telecomunicação / Telefonia Fixa","2012.3",1.2299,0.146980934761662,0.861072084947657,0.148607760495105,1.05903255727712
"246","Telecomunicação / Telefonia Móvel","2012.3",1.1036,0.0134513712936843,0.957370601299387,0.0429644217737512,1.056554195594
"247","Utilidade Públ / Água Saneamento","2012.3",0.994999999999999,0.0555201611056341,0.987332225009064,0.0860117591455516,0.982395563884018
"248","Bens Indls / Mat Transporte","2012.4",0.6336,0.195245235183112,1.22964424920073,0.142584399578337,0.779102596293583
"249","Cons N Cíclico / Bebidas","2012.4",0.801399999999999,0.0858548924138933,1.24402998186443,0.0766375843247931,0.996965627466153
"250","Cons N Cíclico / Fumo","2012.4",0.6297,0.202633259051293,1.41366033684002,0.14665592536538,0.890181914108161
"251","Cons N Cíclico / Pr Pessoal Limp","2012.4",0.869499999999999,0.0580945042340943,1.14282935512105,0.083488732320652,0.993690124277752
"252","Consumo Cíclico / Comércio","2012.4",1.086,0.0663774261976915,0.88654293429871,0.0970410500428215,0.962785626648399
"253","Consumo Cíclico / Tecid Vest Calç","2012.4",0.788599999999999,0.350548486757859,1.20303272262662,0.279564837422444,0.948711605063351
"254","Mats Básicos / Mineração","2012.4",1.0785,0.0414438984760759,1.02236620084579,0.0745192495338455,1.10262194761218
"255","Mats Básicos / Químicos","2012.4",0.831399999999999,0.119656666876217,1.22056810093732,0.0974861686201446,1.01478031911929
"256","Mats Básicos / Sid Metalurgia","2012.4",0.6112,0.790384601819741,1.45308216580313,0.346677778832852,0.888123819738873
"257","Petróleo, Gás e Biocombustíveis","2012.4",0.6307,0.436953553138393,1.39540503915159,0.206445607422181,0.880081958192908
"258","Telecomunicação / Telefonia Fixa","2012.4",0.6807,0.15004306915095,1.33559674809288,0.117224129393968,0.909140706426823
"259","Telecomunicação / Telefonia Móvel","2012.4",0.984299999999999,0.158669328227798,1.08200703883086,0.101458833362243,1.06501952832121
"260","Utilidade Públ / Água Saneamento","2012.4",0.2705,0.706998513060351,2.15788477564919,0.272416371182177,0.583707831813106
"261","Bens Indls / Mat Transporte","2013.1",0.6033,0.718015113058815,1.4149416155614,0.308726686880612,0.853634276668193
"262","Cons N Cíclico / Bebidas","2013.1",0.715199999999999,0.119889698151401,1.36011491557364,0.122291301751719,0.972754187618266
"263","Cons N Cíclico / Fumo","2013.1",0.6765,0.102842908494488,1.38209201373399,0.129164752325048,0.934985247291044
"264","Cons N Cíclico / Pr Pessoal Limp","2013.1",0.5745,0.330745715932287,1.49284322140232,0.213640084508416,0.857638430695633
"265","Consumo Cíclico / Comércio","2013.1",0.5822,0.689282027457667,1.46693367562037,0.268031804504469,0.854048785946179
"266","Consumo Cíclico / Tecid Vest Calç","2013.1",0.966699999999999,0.0621927713976481,1.11371357663178,0.0715690640896019,1.07662691452994
"267","Mats Básicos / Mineração","2013.1",1.0262,0.0726087403908902,1.07618470386519,0.0761303069527342,1.10438074310646
"268","Mats Básicos / Químicos","2013.1",0.5738,0.165236319555379,1.42174181569562,0.131621408044894,0.815795453846147
"269","Mats Básicos / Sid Metalurgia","2013.1",0.824499999999999,0.47776135330965,1.2059253597052,0.221333205366495,0.994285459076936
"270","Petróleo, Gás e Biocombustíveis","2013.1",1.725,0.0369904594177678,0.751763019481657,0.0756764580840157,1.29679120860586
"271","Telecomunicação / Telefonia Fixa","2013.1",0.716799999999999,0.3047102743073,1.30103689001676,0.186660573361897,0.932583242764012
"272","Telecomunicação / Telefonia Móvel","2013.1",1.2053,0.236869047234242,0.961480020938087,0.201145055546915,1.15887186923668
"273","Utilidade Públ / Água Saneamento","2013.1",1.2604,0.147087926893363,0.911404092658415,0.137757372374227,1.14873371838667
"274","Bens Indls / Mat Transporte","2013.2",0.725899999999999,0.109760822817995,1.19923691715533,0.108306272688954,0.870526078163053
"275","Cons N Cíclico / Bebidas","2013.2",0.863799999999999,0.0265144409854354,1.10981471936573,0.0641005375505843,0.958657954588116
"276","Cons N Cíclico / Fumo","2013.2",0.904999999999999,0.0407221400175098,1.03351946857355,0.0852497851058747,0.935335119059062
"277","Cons N Cíclico / Pr Pessoal Limp","2013.2",0.5382,0.105455333879271,1.50215274118398,0.133637428313739,0.808458605305218
"278","Consumo Cíclico / Comércio","2013.2",0.6356,0.361243044111155,1.35796369345742,0.203788818575321,0.863121723561536
"279","Consumo Cíclico / Tecid Vest Calç","2013.2",0.701799999999999,0.072410913767816,1.25915728988443,0.108782821166758,0.883676586040892
"280","Mats Básicos / Mineração","2013.2",0.644,0.212974919855527,1.39342333169214,0.181381336569373,0.897364625609738
"281","Mats Básicos / Químicos","2013.2",0.835499999999999,0.0278411878943061,1.10569029045017,0.0666309884654484,0.923804237671116
"282","Mats Básicos / Sid Metalurgia","2013.2",0.757699999999999,0.302031074155318,1.21151106920477,0.223813164306374,0.917961937136453
"283","Petróleo, Gás e Biocombustíveis","2013.2",0.6599,0.0694777956939431,1.3293451833833,0.0839422475303172,0.87723488651464
"284","Telecomunicação / Telefonia Fixa","2013.2",0.782099999999999,0.169933258647618,1.16977857957532,0.149977791382911,0.914883827085857
"285","Telecomunicação / Telefonia Móvel","2013.2",0.6937,0.100562538809125,1.23402711341196,0.131494148812819,0.856044608573877
"286","Utilidade Públ / Água Saneamento","2013.2",0.900699999999999,0.0528983181054125,1.10363389317407,0.0750148801014666,0.994043047581884
"287","Bens Indls / Mat Transporte","2013.3",0.681,0.193686386714563,1.24126049954846,0.16187126821897,0.845298400192501
"288","Cons N Cíclico / Bebidas","2013.3",0.950599999999999,0.0847768199132168,1.03060887497712,0.110793613666128,0.979696796553249
"289","Cons N Cíclico / Fumo","2013.3",0.782299999999999,0.0231363070785034,1.18246784439982,0.0559765160536543,0.925044594673978
"290","Cons N Cíclico / Pr Pessoal Limp","2013.3",0.6676,0.0618364744659095,1.27538246257988,0.105641599661129,0.851445332018328
"291","Consumo Cíclico / Comércio","2013.3",0.814499999999999,0.204077464917348,1.17788595922624,0.167258217624117,0.959388113789771
"292","Consumo Cíclico / Tecid Vest Calç","2013.3",0.770199999999999,0.071502837575594,1.22806660203492,0.0891100227793604,0.945856896887294
"293","Mats Básicos / Mineração","2013.3",0.703599999999999,0.0701509157837595,1.29494920015053,0.103774699885748,0.911126257225912
"294","Mats Básicos / Químicos","2013.3",0.853699999999999,0.0441116779878844,1.07999276768714,0.0898630608160155,0.92198982577451
"295","Mats Básicos / Sid Metalurgia","2013.3",0.849599999999999,0.146888501384877,1.10414808664054,0.131833859391813,0.938084214409802
"296","Petróleo, Gás e Biocombustíveis","2013.3",0.767699999999999,0.139904034031317,1.24824984905999,0.13388109080815,0.958281409123353
"297","Telecomunicação / Telefonia Fixa","2013.3",0.6712,0.278254531287462,1.29697208955069,0.187260511292386,0.870527666506423
"298","Telecomunicação / Telefonia Móvel","2013.3",0.838699999999999,0.0277832429282997,1.13333083226663,0.0655519960661874,0.950524569022021
"299","Utilidade Públ / Água Saneamento","2013.3",0.956599999999999,0.0355525506914842,1.0052528636573,0.0872637642536379,0.961624889374572
"300","Bens Indls / Mat Transporte","2013.4",0.6953,0.220697112875605,1.25908047767276,0.151953890668064,0.87543865612587
"301","Cons N Cíclico / Bebidas","2013.4",0.5343,0.211724234080212,1.48363401144663,0.161970447938434,0.792705652315934
"302","Cons N Cíclico / Fumo","2013.4",0.583,0.0405088250738347,1.38513210036824,0.0727126405012648,0.807532014514684
"303","Cons N Cíclico / Pr Pessoal Limp","2013.4",0.879499999999999,0.0466501835911856,1.06673585195121,0.077666597088794,0.938194181791088
"304","Consumo Cíclico / Comércio","2013.4",0.723999999999999,0.140517915983376,1.2340598449376,0.131756403712026,0.893459327734821
"305","Consumo Cíclico / Tecid Vest Calç","2013.4",0.875199999999999,0.0343366941729111,1.09830048496459,0.0722305768999655,0.961232584441008
"306","Mats Básicos / Mineração","2013.4",0.6657,0.112736245163711,1.33496861627188,0.140590043938169,0.88868860785219
"307","Mats Básicos / Químicos","2013.4",0.6395,0.107478599795573,1.37300937062889,0.119329393614281,0.878039492517175
"308","Mats Básicos / Sid Metalurgia","2013.4",0.800699999999999,0.277803182332651,1.15923813711927,0.179562493380195,0.928201976391398
"309","Petróleo, Gás e Biocombustíveis","2013.4",1.1526,0.057968133434436,0.945480559861283,0.0790356897874793,1.08976089329611
"310","Telecomunicação / Telefonia Fixa","2013.4",0.785099999999999,0.158004388805597,1.14697203892888,0.140410213971082,0.900487747763063
"311","Telecomunicação / Telefonia Móvel","2013.4",0.862099999999999,0.0116447881502199,1.11809176971437,0.036221582283173,0.963906914670757
"312","Utilidade Públ / Água Saneamento","2013.4",0.4826,0.112415056303135,1.5445629379506,0.130278169686032,0.74540607385496
"313","Bens Indls / Mat Transporte","2014.1",0.6728,0.5076507195034,1.26506506484667,0.269984493751272,0.851135775628839
"314","Cons N Cíclico / Bebidas","2014.1",0.842499999999999,0.0386713223575178,1.11424330171484,0.056310357080204,0.938749981694752
"315","Cons N Cíclico / Fumo","2014.1",0.878099999999999,0.0303191371754986,1.0489641419463,0.0557889842720765,0.921095413043045
"316","Cons N Cíclico / Pr Pessoal Limp","2014.1",0.5654,0.130095969688691,1.45491553867207,0.135078029242849,0.822609245565188
"317","Consumo Cíclico / Comércio","2014.1",0.715599999999999,0.127040799925367,1.25076524292845,0.119934427218607,0.895047607839598
"318","Consumo Cíclico / Tecid Vest Calç","2014.1",0.719999999999999,0.0322719056063561,1.26667155259212,0.0682480660790257,0.912003517866325
"319","Mats Básicos / Mineração","2014.1",0.6724,0.0423607556181999,1.29527583697283,0.0820268232728958,0.870943472780531
"320","Mats Básicos / Químicos","2014.1",0.872999999999999,0.0195953802175156,1.06476570583188,0.0554680578554786,0.92954046119123
"321","Mats Básicos / Sid Metalurgia","2014.1",0.746699999999999,0.296472680720794,1.22514609820783,0.187075202775963,0.914816591531785
"322","Petróleo, Gás e Biocombustíveis","2014.1",0.6854,0.137649292857705,1.29733680562908,0.152480965626484,0.889194646578171
"323","Telecomunicação / Telefonia Fixa","2014.1",0.796099999999999,0.227460847492742,1.16714314528731,0.196694484645001,0.929162657963226
"324","Telecomunicação / Telefonia Móvel","2014.1",1.1396,0.0229184029271795,0.92011073190497,0.0565672211852661,1.0485581900789
"325","Utilidade Públ / Água Saneamento","2014.1",0.771199999999999,0.0293280314384996,1.17672464537538,0.0713262726098667,0.907490046513492
"326","Bens Indls / Mat Transporte","2014.2",0.819199999999999,0.335086450744567,1.11308661497791,0.237575388836106,0.911840554989903
"327","Cons N Cíclico / Bebidas","2014.2",0.799399999999999,0.0804373357570014,1.14271829973108,0.100732993122679,0.913489008805024
"328","Cons N Cíclico / Fumo","2014.2",0.7,0.0538665698978847,1.27270886516525,0.100931329330314,0.890896205615675
"329","Cons N Cíclico / Pr Pessoal Limp","2014.2",0.821799999999999,0.0480488171026632,1.14748480306802,0.0926909487415315,0.943003011161298
"330","Consumo Cíclico / Comércio","2014.2",0.6807,0.222478729504797,1.2591948141202,0.177724968658416,0.85713390997162
"331","Consumo Cíclico / Tecid Vest Calç","2014.2",0.713599999999999,0.226809612069397,1.27792196666152,0.198893626559808,0.911925115409659
"332","Mats Básicos / Mineração","2014.2",0.786599999999999,0.0441318188665103,1.20113577747797,0.0756886455162195,0.94481340256417
"333","Mats Básicos / Químicos","2014.2",0.6747,0.124672018224416,1.30372114433094,0.140197622759082,0.879620656080085
"334","Mats Básicos / Sid Metalurgia","2014.2",0.7331,0.309332836973222,1.225715755108,0.172257460286469,0.898572220069675
"335","Petróleo, Gás e Biocombustíveis","2014.2",0.7003,0.0843139921832776,1.28496225090848,0.101777622611111,0.899859064311209
"336","Telecomunicação / Telefonia Fixa","2014.2",0.739499999999999,0.388532373299005,1.19426800461459,0.225172655601237,0.883161189412488
"337","Telecomunicação / Telefonia Móvel","2014.2",0.5262,0.0743067065996838,1.49667896894508,0.0956456980289058,0.787552473458901
"338","Utilidade Públ / Água Saneamento","2014.2",0.781199999999999,0.0895465664728371,1.17616864523538,0.100557853305789,0.918822945657878
