"","coeficiente_B","sse","volatilidade","mape","b_volatilidade"
"1",0.6855,0.407579763938254,1.33050575562156,0.190975580163644,0.912061695478579
"2",0.5248,1.79868410018963,1.21974788029207,0.455763308336248,0.640123687577278
"3",0.3229,0.338026060836667,1.83748156933106,0.17165817671417,0.593322798736999
"4",0.9146,0.0990823682949634,1.13763267523337,0.124035002386878,1.04047884476844
"5",0.4281,0.382534174789565,1.66678547223121,0.206298826290082,0.713550860662181
"6",0.6775,0.307384440808806,1.29063806313511,0.260544554207975,0.874407287774037
"7",1.1347,0.0575851681187434,1.00691172560201,0.0837194742327369,1.1425427350406
"8",0.537,0.0969190038303639,1.51578454026409,0.102439270664349,0.813976298121816
"9",0.6114,0.592543983992279,1.44146679288124,0.265874625149119,0.88131279716759
"10",0.618,0.138792457768718,1.42935667829079,0.12771546826174,0.883342427183708
"11",0.1867,0.707586340178529,2.2266138908281,0.231694100318929,0.415708813417606
"12",0.5863,0.304175565104363,1.50936497372087,0.221042322532822,0.884940684092546
"13",0.939,0.0621894278423581,1.11827924789281,0.0712525362039939,1.05006421377135
"14",0.7472,0.279864658578547,1.22027792839501,0.160177979617157,0.911791668096751
"15",0.6198,1.28983861817778,1.02039059644385,0.358455504455304,0.632438091675898
"16",0.6081,0.1860488165533,1.27053218349882,0.146350400453418,0.772610620785632
"17",0.7188,0.251533189978598,1.36332400093191,0.210772171165179,0.979957291869857
"18",0.8091,0.205407050942759,1.21938516076477,0.180589865222826,0.986604533574776
"19",1.0537,0.0781671089021876,0.975887410718654,0.112059059224596,1.02829256467425
"20",0.8363,0.0688097001754555,1.16829948157127,0.0984599101720339,0.977048856438053
"21",0.7633,0.0898369705147705,1.2644182271944,0.0825427883062279,0.965130432817485
"22",0.7205,1.00774576315211,1.27417876585201,0.37741875891941,0.918045800796373
"23",1.178,0.0433522269845502,0.95927716312937,0.0682506867290605,1.1300284981664
"24",0.5967,0.661995776098472,1.46547712369136,0.295470471003555,0.874450199706635
"25",0.7095,0.124224824081652,1.34315792844181,0.124415081791466,0.952970550229464
"26",0.3904,0.343379495980806,1.82853342425486,0.177895194977695,0.713859448829097
"27",0.7614,0.41762489739646,1.11681460499168,0.248510002986145,0.850342640240665
"28",0.6612,1.11572174817607,0.838577980123963,0.360771231113992,0.554467760457964
"29",1.3236,0.151057533073717,0.947686483583055,0.128175619820869,1.25435782967053
"30",0.6605,0.0443663535694847,1.35132703352723,0.0747487598217119,0.892551505644735
"31",0.64,0.544292245602782,1.42638044401605,0.277253048763175,0.912883484170272
"32",0.545,0.608150574192209,1.5974585301071,0.292526157733818,0.87061489890837
"33",0.788,0.0719108652659944,1.23582641807569,0.0972487437763388,0.973831217443644
"34",0.6715,0.153692594009546,1.38984340639154,0.105339266768329,0.933279847391919
"35",0.9309,0.263073626428174,1.10471185929673,0.164465856390872,1.02837626981933
"36",0.8342,0.201500566911264,1.22613023537247,0.165505682743904,1.02283784234771
"37",0.4454,0.701871088209379,1.67398403349292,0.277361203901346,0.745592488517747
"38",0.6775,0.130218355607085,1.21127842002295,0.119666527706869,0.820641129565549
"39",1.0349,0.0460105858985182,1.02570380139199,0.0719825745773229,1.06150086406057
"40",0.951799999999999,0.0921702700544603,0.983557073478729,0.103385879456794,0.936149622537053
"41",2.5731,0.399731311965943,0.427538605149148,0.200029660110255,1.10009958490927
"42",0.967999999999999,0.134198856521652,1.01071204530655,0.166256677311182,0.978369259856739
"43",0.6754,0.434930881841943,1.38458938467986,0.286985572096531,0.935151670412777
"44",0.9234,0.298950051349012,1.13145968209482,0.1947190501103,1.04478987044636
"45",1.3525,0.0630451605322298,0.851932785234284,0.0932900006706308,1.15223909202937
"46",0.811,0.0737591750393995,1.21539660019496,0.11435244108166,0.985686642758113
"47",0.6145,0.472643468285619,1.43125785039013,0.209749286295733,0.879507949064735
"48",0.7906,0.431097518838359,1.26038150877089,0.273094462554724,0.996457620834266
"49",0.986899999999999,0.140679416417153,1.0848804683933,0.178975803592734,1.07066853425735
"50",0.5989,0.546661709974451,1.41780576039633,0.243285861166371,0.849123869901362
"51",0.6901,0.0529468009244348,1.22375199122015,0.072744566374935,0.844511249141026
"52",0.4384,0.221472406224176,1.69894699051136,0.131627368700195,0.74481836064018
"53",0.9076,0.335412223036506,1.14046831474254,0.242074509956946,1.03508904246033
"54",0.4533,2.53407687298536,1.09838196556025,0.706407728760091,0.497896544988461
"55",0.6049,0.211268218512088,1.33620251921274,0.140226353401153,0.808268903871786
"56",0.602,0.105833832491814,1.41381032526578,0.134574750948653,0.85111381581
"57",0.6932,0.169042955298296,1.31967532245341,0.151305571772114,0.914798933524704
"58",0.6032,0.118307036946233,1.47768087364275,0.137974625247999,0.891337102981307
"59",0.6157,0.202234870778253,1.44460391858379,0.181600117619604,0.889442632672039
"60",0.5333,0.219377902507594,1.54656425957679,0.186635187410204,0.824782719632302
"61",0.5797,0.468735726493769,1.47652699987404,0.229149238651508,0.855942701826981
"62",0.3767,0.293100011456278,1.83091383122284,0.186737398133846,0.689705240221644
"63",0.4136,0.815287253410326,1.70487598473111,0.27944278469577,0.705136707284787
"64",1.6259,0.172846551388343,0.792079207620841,0.179326279085073,1.28784158367073
"65",0.5017,0.29093262403332,1.65149466980446,0.172905202383676,0.828554875840898
"66",0.5286,0.303785856135195,1.52675515959611,0.182682058336659,0.807042777362504
"67",0.5833,2.68468542806203,0.965570417518713,0.769509779873309,0.563217224538665
"68",0.59,0.200869633730489,1.3307163325284,0.169668295282626,0.785122636191756
"69",0.5889,0.135495361784871,1.50205770773437,0.118924197591563,0.88456178408477
"70",0.5204,0.152947127167928,1.49582629682049,0.120415059792397,0.778428004865383
"71",1.108,0.126909937428473,0.899242781458377,0.159591063822986,0.996361001855882
"72",0.4451,0.340706574199788,1.66400343447355,0.184774886986324,0.740647928684177
"73",0.7968,0.235084582099172,1.2541226227251,0.198193842172308,0.99928490578736
"74",0.886599999999999,0.337232522880353,1.09493854567921,0.230195150092168,0.970772514599186
"75",0.8718,0.0881865339857233,1.12596373425909,0.106579797678804,0.981615183527075
"76",0.894,0.116391305397198,1.07795732585808,0.114418557314358,0.963693849317123
"77",0.67,0.0787439601381277,1.36939444730999,0.0900592771376668,0.917494279697693
"78",0.5938,0.233243770781702,1.48636661697626,0.183266342427988,0.882604497160503
"79",0.7233,0.210484678015846,1.28529217692554,0.174007344743641,0.929651831570243
"80",3.5099,0.26304496761338,0.467035274841243,0.142586121691595,1.63924711116528
"81",0.4198,0.157915522794226,1.79530254504496,0.107357962281225,0.753668008409874
"82",0.6482,0.157008642329845,1.39991742289806,0.147798158006145,0.907426473522522
"83",0.4726,0.426864599214161,1.66724242554817,0.249185672965341,0.787938770314065
"84",1.3961,0.0863663929528345,0.91887769043681,0.096205699576291,1.28284514361883
"85",0.9274,0.0353426967617941,1.11182913033083,0.0632391534374046,1.03111033546881
"86",0.7718,0.148157322747698,1.26917805813159,0.174128373116375,0.979551625265961
"87",0.692,0.0974075765960754,1.30371343902304,0.0735487665812343,0.902169699803944
"88",0.6185,0.11008160379882,1.49841583006064,0.111517193224626,0.926770190892506
"89",0.7392,0.288660021280967,1.21520325827823,0.202801855417574,0.898278248519268
"90",0.5854,0.22974491587736,1.33801526310616,0.19702626002643,0.783274135022346
"91",0.7352,0.0662244536167822,1.30120139834174,0.101152066852848,0.956643268060847
"92",0.5823,1.25207888831505,1.61519616106365,0.413269365421355,0.940528724587363
"93",0.5664,2.78287720467427,0.94279015776788,0.785375650313788,0.533996345359727
"94",0.7089,0.702788677372099,1.48377663062914,0.302787658832314,1.051849253453
"95",0.4691,0.105677978487622,1.66922783398517,0.117258755852672,0.783034776922443
"96",0.6555,0.830066469000839,1.43703769956764,0.350149461600926,0.941978212066588
"97",1.0651,0.315038791239075,1.0444564518426,0.177438898744541,1.11245056685755
"98",0.9213,0.207424299218211,1.22515895124514,0.193499570135398,1.12873894178215
"99",0.7741,0.156352384290884,1.1476545283699,0.150681832728334,0.88839937041114
"100",0.7974,0.347334136734328,1.33123343941081,0.262335930219491,1.06152554458618
"101",0.6207,0.185230241703172,1.44492557416213,0.139397357768553,0.896865303882434
"102",0.8699,0.480617768615039,1.20078759298018,0.267365556556612,1.04456512713346
"103",1.189,0.0982780533111379,1.05514703187236,0.128745236363395,1.25456982089624
"104",1.0612,0.0966443141618273,1.1185575346418,0.128538766291026,1.18701325576188
"105",0.6543,0.284027320050961,1.34571566486676,0.166232838621896,0.880501759522321
"106",3.3715,0.0874025407529577,0.434444508985035,0.0738858272586077,1.46472966204305
"107",0.5043,0.210719278821029,1.43303664609959,0.13148708083001,0.722680380628023
"108",0.923,0.0955084885590895,1.11635731196188,0.125163677896475,1.03039779894082
"109",0.8814,0.0607800904815973,1.10847448993653,0.0782407719194284,0.977009415430057
"110",0.8318,0.053389960807237,1.13300980459446,0.0874822943299498,0.942437555461672
"111",0.5144,0.23948471274068,1.5974802888696,0.165717842015927,0.821743860594522
"112",1.0525,0.175670321387882,1.07174993996386,0.171131484844833,1.12801681181196
"113",0.5812,0.342986415908819,1.51805027307783,0.165897125694582,0.882290818712835
"114",0.4455,0.231077377706796,1.69779633953769,0.17572904459575,0.756368269264041
"115",0.9185,0.109166158001839,1.11411687025158,0.0828887209360555,1.02331634532608
"116",0.5792,0.283784037981077,1.43934083945774,0.193575216784303,0.833666214213923
"117",0.8492,0.121513039676307,1.17669402357643,0.152564362188095,0.999248564821104
"118",0.7133,0.150286710236393,1.27978729115173,0.147644020032517,0.912872274778529
"119",0.8993,0.15804880056181,1.01580027267613,0.121495522919433,0.913509185217644
"120",0.7647,0.16367040183792,1.10592506167277,0.139061883739389,0.845700894661167
"121",0.3562,0.330321648876358,1.95415990921804,0.164019972523,0.696071759663466
"122",0.629,0.225284908844524,1.39326177521795,0.194522983472559,0.876361656612091
"123",0.6714,0.183161295800379,1.14941448686253,0.174466045411283,0.771716886479503
"124",0.829,0.0377097384617452,1.1546270428597,0.0536250171129901,0.957185818530691
"125",0.6197,0.552411485283646,1.51522873151371,0.2473580011604,0.938987244919046
"126",0.6311,0.267505355882652,1.42537747424766,0.170643721228439,0.899555723997698
"127",0.4358,0.211580671013646,1.72630122206294,0.166103874485732,0.752322072575029
"128",0.8075,0.260878886202502,1.18079180231325,0.16613934780153,0.953489380367949
"129",0.980299999999999,0.0335175684485478,1.0796027779049,0.0736726699674299,1.05833460318017
"130",0.488,0.203082904646363,1.62525579813887,0.18490996607259,0.793124829491769
"131",0.6694,0.613791342637101,1.32421604287675,0.315839948848262,0.886430219101696
"132",0.7886,0.505587276127,1.01391002437276,0.347499277075952,0.799569445220358
"133",0.371,0.367786642308314,1.88105548418246,0.194969145351235,0.697871584631693
"134",0.5115,0.186256190122185,1.58419705054723,0.158537278938663,0.810316791354908
"135",0.5468,0.516947944151377,1.53567949449468,0.269942332709891,0.839709547589691
"136",0.8918,0.0708117508013768,1.10841773504126,0.0737513289389597,0.988486936109796
"137",0.8148,0.110830919833741,1.23628604963933,0.0883375696794051,1.00732587324613
"138",0.636,0.148314983274339,1.24652884731791,0.112310010437188,0.792792346894191
"139",0.6697,0.149129274116646,1.31001451282,0.150060646832221,0.877316719235554
"140",0.8767,0.0361668628118402,1.17224529556635,0.071703883854191,1.02770745062302
"141",0.6456,0.389685466949987,1.33556701001833,0.263797058984498,0.862242061667834
"142",0.6652,0.117307788906234,1.27625014687823,0.148452091638512,0.848961597703399
"143",0.6236,0.335121397581341,1.48658241431356,0.234416180761457,0.927032793565936
"144",0.6967,0.31170831573171,1.32331283328352,0.185646850780082,0.921952050948628
"145",0.361,0.381495080370675,1.90967971527993,0.153164041401375,0.689394377216055
"146",0.7595,0.241007182567186,1.14508222485383,0.201282759504407,0.869689949776484
"147",0.5603,0.0928708470612411,1.48558838972749,0.0888646250432004,0.832375174764313
"148",0.5383,0.368757892194883,1.50204055754872,0.224604504349807,0.808548432128476
"149",0.739,0.125407383568204,1.13340506830094,0.142210155566557,0.837586345474395
"150",0.9476,0.0445265495326618,1.10641624535409,0.0822431389202806,1.04844003409754
"151",0.5364,0.136098451977311,1.46091495483593,0.124761118218608,0.783634781773993
"152",1.2444,0.265430128496493,0.960189428290502,0.127715111111076,1.1948597245647
"153",1.0513,0.0693921494088263,1.04920177096901,0.093032680174565,1.10302582181972
"154",0.2667,0.481165338187188,2.0108147053033,0.217548935934374,0.53628428190439
"155",0.956299999999999,0.0894536120971519,1.03272142482866,0.145467071032378,0.987591498563647
"156",0.6238,0.294909677339983,1.45165150356486,0.198843153829541,0.90554020792376
"157",0.5594,0.765975814203341,1.51894422421431,0.355870851053846,0.849697399025485
"158",1.5486,0.33742121145856,0.715601469400159,0.159968607885532,1.10818043551309
"159",0.3964,0.370080807380816,1.72382105685927,0.164685103455473,0.683322666939015
"160",0.5627,0.262825718097194,1.55931112091711,0.138019078251372,0.877424367740058
"161",0.7908,0.163641189443219,1.21697962782873,0.14868700248234,0.96238748968696
"162",0.7902,0.0903609227271078,1.12868222135176,0.096522070477435,0.891884691312161
"163",0.4823,0.351088332032811,1.67333930053109,0.210112477405848,0.807051544646145
"164",0.4942,0.152886650180996,1.47705519604586,0.131398223646816,0.729960677885864
"165",0.6184,0.370406999778576,1.4370971257757,0.185308183543446,0.888700862579693
"166",0.7873,0.0423695835726063,1.22460743429789,0.0791220960245564,0.964133433022729
"167",0.6634,0.552427291950684,1.33317910478504,0.283991875643665,0.884431018114396
"168",0.7557,0.283711415976211,1.17854786425382,0.242131390735934,0.890628621016612
"169",0.7383,0.048599625315303,1.20562109529026,0.0816159200619844,0.890110054652799
"170",0.7806,0.415501241466716,1.25617345710487,0.250302855590296,0.980569000616061
"171",0.8522,0.425477608003143,0.904937517515404,0.141120277536155,0.771187752426627
"172",0.9374,0.239545385320397,1.03066185095898,0.149014492550152,0.966142419088948
"173",0.854399999999999,0.363133046067719,1.17282972286418,0.24474212377321,1.00206571521515
"174",0.5204,0.5837667624032,1.5676479911071,0.233989505684669,0.815804014572135
"175",0.8095,0.0775933705400143,1.07658154896194,0.106004209267583,0.87149276388469
"176",0.5743,0.164546146478874,1.49411290003524,0.145186760077296,0.858069038490238
"177",0.6806,0.0657499180010093,1.36269555406439,0.0696703397077883,0.927450594096224
"178",0.3747,0.4629344188566,1.78708160692311,0.216447823621087,0.669619478114089
"179",0.821,0.203043130188446,1.27118498535948,0.11804656806258,1.04364287298013
"180",0.524,0.795706225370824,1.53613145621342,0.326519036318368,0.804932883055832
"181",0.5069,0.453283034140635,1.56350219403923,0.205929552417987,0.792539262158486
"182",0.3702,0.108680276590426,1.64164954573945,0.0913103592470406,0.607738661832744
"183",0.6371,0.258427368797803,1.35836073091359,0.164691974137997,0.865411621665048
"184",0.4743,0.509700327934556,1.24673481488738,0.235876390134897,0.591326322701084
"185",1.8898,0.0728612295178545,0.600819867251653,0.0841269156739517,1.13542938513217
"186",0.8762,0.13788505774136,1.07428572351755,0.107309018378878,0.941289150946077
"187",0.6902,0.378655630045713,1.34488878985012,0.197720950479227,0.928242242754553
"188",0.8175,0.093897841444709,1.06037084745056,0.105045932004935,0.866853167790833
"189",0.8488,0.125066824313093,1.20427987353032,0.109377163352684,1.02219275665254
"190",0.5471,0.337671390847496,1.59320894355359,0.218526092411763,0.871644613018169
"191",0.6767,0.175370375776744,1.32608372297718,0.114320121187991,0.897360855338658
"192",0.984799999999999,0.018854435045333,1.08353639358802,0.0548525454585733,1.06706664040548
"193",0.6441,0.211040303103592,1.2683316996287,0.166113169261837,0.816932447730846
"194",0.518,0.292348272862817,1.34363929037519,0.188808524215272,0.696005152414348
"195",0.5714,0.105005818352981,1.32144311271201,0.109664174264234,0.755072594603643
"196",0.425,0.82086982132749,1.74425262938419,0.338360201002524,0.741307367488281
"197",0.8883,0.321668497344124,1.07601054873911,0.133401014060092,0.955820170444951
"198",1.0022,0.266693123081061,1.03150621489585,0.174304785206193,1.03377552856862
"199",0.6178,0.241514329604653,1.48549383292264,0.129225483296405,0.917738089979607
"200",0.7079,0.296875510764907,1.33749851206084,0.220706242804359,0.946815196687869
"201",0.7138,0.237453811136833,1.19646642550927,0.194369791813657,0.854037734528517
"202",0.8028,0.246083740436363,1.27024135163088,0.230891115090311,1.01974975708927
"203",0.493,0.327155041310663,1.67059547275458,0.156853656752099,0.823603568068008
"204",0.5958,0.385932286279893,1.46675477379076,0.214237763586181,0.873892494224535
"205",1.0766,0.0663334117310514,1.08845868798286,0.0895112264773895,1.17183462348235
"206",0.3796,1.08818623880305,1.8335406413048,0.366023198174886,0.696012027439302
"207",0.6033,0.147890542568604,1.28023261557208,0.105194865585538,0.772364336974636
"208",0.8229,0.0761591858596094,1.22003893122062,0.100841665889016,1.00397003650145
"209",0.6255,0.408133075401336,1.33448263916973,0.205624254735913,0.834718890800666
"210",0.4411,0.942531457223277,1.58760621276483,0.354407657555035,0.700293100450566
"211",0.6068,0.136468720628881,1.21900901931337,0.106679152790687,0.739694672919353
"212",0.7309,0.120910591002875,1.24652317173225,0.109770967790796,0.911083786219102
"213",0.8226,0.15886548934849,1.12602595695668,0.165653742445051,0.926268952192565
"214",0.6944,0.14445791336447,1.04433523104206,0.146025957703482,0.725186384435606
"215",0.9108,0.0783309460676092,1.12828745787578,0.0876346756149632,1.02764421663326
"216",0.5249,0.183014169155333,1.56834437230593,0.1424459671592,0.823223961023383
"217",0.5959,0.506024541606206,1.46923092629035,0.23638438097008,0.87551470897642
"218",0.6617,0.150407453204424,1.3956265523155,0.135608364030778,0.923486089667166
"219",0.7721,0.220817898182315,1.21828946543578,0.116817077379686,0.940641296262966
"220",0.6871,0.29444181094024,1.3360003952653,0.181002599735584,0.917965871586788
"221",0.872499999999999,0.0969017174290666,1.12165478931118,0.100230657824591,0.978643803674003
"222",0.4875,0.53683199955404,1.58843310284705,0.242956208288879,0.774361137637937
"223",0.642,0.55339086132772,1.16449949550863,0.272755789930187,0.747608676116541
"224",0.5438,0.576469630240716,1.53991016569497,0.235503267160717,0.837403148104925
"225",0.5988,0.200127888129449,1.46461061216136,0.166723413280889,0.877008834562222
"226",0.8459,0.218661797385247,1.22882913671637,0.125190112452874,1.03946656674838
"227",1.9844,0.092994768376506,0.669110213971757,0.133931783426553,1.32778230860555
"228",0.8124,0.133161521013829,1.24254275504291,0.110386237881359,1.00944173419686
"229",0.5998,0.292777780021063,1.34071056628689,0.161441454050809,0.804158197658877
"230",0.7227,0.134578945118682,1.27707566638955,0.106596178021096,0.922942584099728
"231",0.6747,0.120980981377345,1.36869134808406,0.135694327793181,0.923456052552315
"232",0.405,1.05197600559212,1.74168823221365,0.364000081746034,0.705383734046528
"233",0.6238,0.200088519855032,1.47467451091987,0.141373516351548,0.919901959911815
"234",0.484,0.420005211396305,1.70593626124593,0.216204900234277,0.82567315044303
"235",0.9054,0.140255198637869,1.05118153079128,0.147208810675465,0.951739757978425
"236",1.2075,0.215681111133503,0.728376959769695,0.165269472091525,0.879515178921907
"237",0.7561,0.537608806526748,1.28592644621076,0.280952478133458,0.972288985979956
"238",0.7949,0.35381554842663,1.2708365378963,0.234726064308984,1.01018796397377
"239",1.0512,0.0875073210167056,0.993286773810312,0.132658228504036,1.0441430566294
"240",1.3677,0.0684810950054374,0.869643991986275,0.0894726397465922,1.18941208783963
"241",1.4009,0.027585578748441,0.864943153645675,0.0676265189503265,1.21169886394223
"242",1.3467,0.0762829920487287,0.872394152715653,0.110488694222589,1.17485320546217
"243",0.8266,0.321622379580266,1.21612622666067,0.195039725357041,1.00524993895771
"244",0.6873,0.106985589589466,1.32696330247857,0.139973287688525,0.912021877793521
"245",0.9123,0.117459443871066,1.06982894209922,0.127788541958654,0.976004943877118
"246",0.5751,0.126324244345844,1.31091682883191,0.129990142948558,0.753908268261231
"247",1.0338,0.0845080763789819,0.948566535654378,0.104383136609216,0.980628084559496
"248",1.0051,0.24284836688985,0.946449313265826,0.244492799951374,0.951276204763482
"249",0.4451,0.78708704842816,1.26725643092305,0.293049922337556,0.56405583740385
"250",2.876,0.0268766714830222,0.513889124806447,0.0566976834563988,1.47794512294334
"251",0.6577,0.124430583969326,1.39334487238159,0.118978886936742,0.916402922565372
"252",0.7391,0.283529014711398,1.29147703544764,0.172635117351239,0.954530676899351
"253",0.7317,0.152265819479654,1.19701190146484,0.164879202769033,0.875853608301823
"254",1.0124,0.0457213351411461,1.04668236220235,0.0723897054025145,1.05966122349366
"255",0.662,0.304298008129898,1.34858669602274,0.199916928730392,0.892764392767054
"256",0.677,0.434320480820723,1.35583327731433,0.250305587720958,0.917899128741801
"257",0.8046,0.194789635760474,1.27161515541117,0.152619038709233,1.02314155404383
"258",0.8107,0.098082054866524,1.14811048799196,0.131037260316951,0.930773172615082
"259",0.7708,0.108910851181011,1.25265378398049,0.114624254464218,0.965545536692162
"260",0.6997,0.160710891093121,1.24781182476116,0.195777507322482,0.873093933785384
"261",0.7079,0.438454976436335,1.33024158697234,0.280016531692141,0.941678019417719
"262",1.1102,0.624192441311428,0.811792159921123,0.358357691591632,0.901251655944431
"263",0.6243,0.245047640587549,1.30443232720337,0.14134001132726,0.814357101873064
"264",0.945,0.136262215796014,1.00888562262882,0.129123324104309,0.953396913384235
"265",0.6321,0.311269998978168,1.39241583980461,0.174987210723314,0.880146052340494
"266",1.3292,0.0967243394401935,0.89033189778187,0.154083722136465,1.18342915853166
"267",0.3464,0.548971633814216,1.90890073435677,0.253475772332792,0.661243214381185
"268",0.814,0.159024703751543,1.18166870631681,0.106081500068642,0.961878326941883
"269",0.7912,0.396545145781891,1.25654211546166,0.206806706715223,0.994176121753265
"270",0.7779,0.0605462726685921,1.21777115689821,0.0894734685458219,0.947304182951118
"271",0.7804,0.426186448754065,1.20389457401161,0.237185875162465,0.93951932555866
"272",0.8405,0.139206898659706,1.04185537933375,0.104318476457697,0.875679446330017
"273",0.6857,0.17377417338374,1.31867762447363,0.1673612254517,0.904217247101568
"274",1.3097,0.137235092435631,0.825345203060019,0.144351282636721,1.08095461244771
"275",0.8456,0.152765474176789,1.09269672499223,0.098302497360886,0.92398435065343
"276",0.5433,0.344274851577111,1.48311328704434,0.210109182785406,0.80577544885119
"277",0.703,0.26180447926606,1.37943633584712,0.230426673102496,0.969743744100525
"278",1.1448,0.0384974315377617,0.949577946323792,0.0783054082982245,1.08707683295148
"279",0.6941,0.0652475406392466,1.16907007350107,0.0900052513970359,0.811451538017093
"280",0.8475,0.112844694312237,1.20975246307563,0.106482592292737,1.0252652124566
"281",0.5532,0.207386969882927,1.55998970196618,0.138477290032208,0.862986303127691
"282",0.6377,0.358735887175012,1.42953177323299,0.245131905700722,0.911612411790678
"283",0.874,0.151390090322622,1.1606121219455,0.102994415416501,1.01437499458037
"284",0.7365,0.798339529408645,1.32627196924985,0.383323799024688,0.976799305352514
"285",0.960499999999999,0.110247791285898,1.05779204443726,0.145448486534024,1.01600925868199
"286",0.7336,0.0846855929872962,1.1193891440891,0.0918857716204625,0.821183876103764
"287",0.4727,0.571522890088155,1.64838708593234,0.241505048387889,0.779192575520217
"288",0.8464,0.337140266109372,0.902155405890256,0.198538753730125,0.763584335545513
"289",0.6394,0.238478590744779,1.47223312209407,0.137496445326907,0.941345858266948
"290",0.8956,0.144127466000751,1.18459371386375,0.121814935850353,1.06092213013637
"291",0.643,0.276380876190284,1.39714145984534,0.211118970790674,0.898361958680554
"292",1.8042,0.0575714960090163,0.7049981972735,0.0819650878645361,1.27195774752085
"293",0.7489,0.294893624139156,1.34482243914499,0.182072996613803,1.00713752467568
"294",1.0015,0.0561780683601323,1.05423674756965,0.0785773415088459,1.055818102691
"295",0.7917,0.148268126532087,1.19821198974718,0.144171302945352,0.948624432282842
"296",0.6975,0.287057756879325,1.40909411407751,0.137607439484434,0.982843144569063
"297",0.6787,0.314218046048654,1.27344009778469,0.22479975224828,0.864283794366469
"298",0.7164,0.102613721298315,1.23654740292797,0.118471488757501,0.885862559457598
"299",0.9142,0.0897170117036182,1.09021616211215,0.091108231263,0.996675615402928
"300",1.0968,0.101983328755855,0.928136273141154,0.0933450869226706,1.01797986438122
"301",4.7315,0.0163990822439092,0.397070499048327,0.0556275749859048,1.87873906624716
"302",0.7422,0.383096936810821,1.38199287981585,0.263452957847841,1.02571511539932
"303",1.5121,0.144940897130438,0.787737729870887,0.138714336650077,1.19113822133777
"304",0.7709,0.284137459173973,1.2791344193309,0.215947705054384,0.986084723862191
"305",0.5924,0.190965742492946,1.19004323128562,0.186440754011659,0.704981610213601
"306",0.7491,0.225337159762058,1.29420952845075,0.158450816728798,0.969492357762457
"307",0.5071,0.193787442315913,1.61705982986931,0.120396579955816,0.820011039726727
"308",0.7243,0.457913478544446,1.29636614034121,0.256512802217839,0.938957995449138
"309",0.9136,0.156877459417748,1.13008400547453,0.136726207587056,1.03244474740153
"310",0.6732,0.777590505288319,1.37105317489629,0.395595424312915,0.922992997340182
"311",0.7829,0.134482894894663,1.24058301022353,0.133498261846663,0.971252438704002
"312",1.1194,0.0613093450895389,0.904014244652058,0.0798601118310517,1.01195354546351
"313",0.6237,0.754746356181514,1.42931714463818,0.343181426712733,0.891465103110833
"314",0.6415,0.446404382333039,1.20943739758515,0.26396553425898,0.775854090550874
"315",0.662,0.120098967242001,1.39586679311836,0.0894925258396406,0.924063817044354
"316",0.7195,0.364524742204814,1.36752407883253,0.224807435007882,0.983933574720005
"317",0.5924,0.533441979977414,1.5050931686742,0.2905049954823,0.891617193122596
"318",0.6411,0.0548408240113865,1.28034900462714,0.0772621263613248,0.820831746866459
"319",0.7456,0.0954953745432607,1.25846293668416,0.101659089427209,0.93830996559171
"320",1.3683,0.167083954294648,0.806341816435702,0.202048166432633,1.10331750742897
"321",0.8894,0.332034314547146,1.17521747981448,0.21197316475467,1.045238426547
"322",0.6386,0.186441392665497,1.43326267327802,0.113558794953857,0.915281543155343
"323",0.968899999999999,0.251938354450577,1.00730911143929,0.22168724653139,0.975981798073527
"324",0.7293,0.11847010753588,1.16969758837627,0.13458906036507,0.853060451202814
"325",0.4771,0.20725877617184,1.41316852527846,0.149108178862596,0.674222703410353
"326",0.6005,0.504638049305211,1.45937048201094,0.278730069615178,0.87635197444757
"327",0.9157,0.107576174429924,1.15465353844121,0.0980405657600567,1.05731624515062
"328",0.8835,0.0903456653219137,1.14722958270323,0.119080485441031,1.0135773363183
"329",0.7469,0.170769332530912,1.31690337815786,0.160870217805047,0.983595133146106
"330",0.94,0.305300170737183,1.08311828606974,0.235944152783848,1.01813118890556
"331",0.8368,0.115827015393076,1.24313193939245,0.119819971671743,1.0402528068836
"332",1.1958,0.0412941551356398,0.961396750210879,0.0861865778340268,1.14963823390217
"333",0.8602,0.110915083472087,1.20299151739015,0.0989317681657525,1.03481330325901
"334",0.7888,0.496986706173719,1.24304077479372,0.26732983616863,0.980510563157286
"335",1.0196,0.297134135911664,1.10072989360092,0.232815705578436,1.1223041995155
"336",0.6812,0.289077215571891,1.33367209073856,0.197449279467699,0.908497428211107
"337",0.6292,0.0636487015006505,1.39016898189618,0.0763594424150101,0.874694323409076
"338",0.7537,0.116676997201053,1.30559698724555,0.127616502622292,0.984028449286971
"339",0.769,0.378653009160528,1.21408157224213,0.247708281473871,0.933628729054198
"340",0.9431,0.476247876259047,1.12924307035172,0.267092103782646,1.06498913964871
"341",1.9841,0.109958831913708,0.635005994806155,0.121976648186446,1.25991539429489
"342",0.6024,0.389650662770293,1.4971829426419,0.172261700358854,0.901903004647481
"343",0.742,0.342128518986173,1.22919291377978,0.180960946839909,0.912061142024597
"344",1.0458,0.0961524462969378,1.01843755587063,0.139029035954319,1.06508199592951
"345",0.7576,0.113598296538157,1.29418829495916,0.111390690830534,0.98047705226106
"346",1.0065,0.0521422583499315,0.973538836756691,0.0853849035602253,0.979866839195609
"347",0.8785,0.423605308375469,1.1481240567721,0.201027633038321,1.00862698387429
"348",0.772,0.0591706399977219,1.19617454036572,0.0930634846762984,0.923446745162336
"349",0.980799999999999,0.103233561510193,1.05967128661869,0.13195330988526,1.03932559791561
"350",0.759,0.277135769340525,1.12559577396256,0.207650929133201,0.854327192437583
"351",0.9374,0.46723360167544,1.16736834183982,0.29205390472121,1.09429108364065
"352",0.511,0.277840189093438,1.53609543804716,0.167997095047824,0.784944768842099
"353",0.6273,0.602694750192817,1.41401453189372,0.266093285166594,0.887011315856931
"354",0.4537,0.232981975520222,1.46756551803123,0.169878835019827,0.665834475530769
"355",0.4425,0.314329313684214,1.69270247340623,0.198697048614324,0.749020844482257
"356",0.477,0.598653362185995,1.68420053022461,0.242124692428859,0.803363652917139
"357",0.7513,0.10768379860226,1.28688575384678,0.119992483428813,0.966837266865086
"358",1.2115,0.0698537626263482,0.961683348474203,0.0725747067837937,1.1650793766765
"359",0.7227,0.227207420017898,1.14724563546312,0.203786747008046,0.829114420749197
"360",0.6236,0.489957210388854,1.4450383481006,0.242186560961277,0.901125913875534
"361",0.6115,0.158351185258924,1.4230362304296,0.137643033960976,0.870186654907701
"362",0.4327,0.692517060917861,1.67121305606901,0.257272419586766,0.723133889361061
"363",0.706,0.0779977980139074,1.16772434772729,0.0873293035175547,0.824413389495467
"364",0.7538,0.0813710094657856,1.28104003062862,0.085177354932975,0.965647975087854
"365",0.6601,0.582119656138521,1.36505205994712,0.326706071393416,0.901070864771094
"366",1.359,0.107077404685252,0.911786817917362,0.0910743651471113,1.23911828554969
"367",1.1399,0.0564185221564355,1.07861713433349,0.0782187293663732,1.22951567142675
"368",0.8984,0.0757478982733635,1.12425864231016,0.0861703346153213,1.01003396425145
"369",0.4986,0.318300656061747,1.56608466230422,0.195364830142352,0.780849812624884
"370",0.9468,0.0889722415800071,1.12446630172402,0.112105752409493,1.0646446944723
"371",0.6871,0.135306934468318,1.37232121737797,0.105663533974574,0.942921908460403
"372",0.960999999999999,0.114564609794325,1.12402223297405,0.116778588983809,1.08018536588806
"373",0.512,0.414088077076474,1.54302242635505,0.184467855405777,0.790027482293786
"374",0.8612,0.125616773215963,1.19574270979417,0.140109560630377,1.02977362167474
"375",0.7435,0.228613647662677,1.20967898314215,0.157675169429567,0.899396323966189
"376",0.8262,0.0722199170169005,1.22896090558163,0.0925522962928479,1.01536750019154
"377",0.5214,0.576196068761566,1.56906442008281,0.30567431261378,0.818110188631177
"378",0.7631,0.35939886225935,1.22579243093023,0.233474829954267,0.935402204042858
"379",0.7882,0.265540143802958,1.29617853950254,0.132855410810619,1.0216479248359
"380",0.8183,0.103951946519634,1.15596836651867,0.114938708591462,0.945928914322228
"381",0.7965,0.156612136495101,1.13027981798001,0.156509281519521,0.900267875021078
"382",0.6091,0.71452234845394,1.4405367953744,0.256429890326729,0.877430962062547
"383",0.6538,0.0916931742903873,1.38930905341278,0.100358921921179,0.908330259121276
"384",0.6001,0.509371658486713,1.5171097430868,0.243030057576773,0.910417556826389
"385",0.51,0.253316164614125,1.47639702458892,0.163101983104954,0.752962482540349
"386",0.7164,0.161244976788168,1.31486573703724,0.131701424395044,0.941969814013479
"387",1.31,0.232289757705632,0.925023910902109,0.231573726506936,1.21178132328176
"388",0.7014,0.634966892145898,1.35855659411039,0.295250863015983,0.952891595109028
"389",0.5764,0.243786214464146,1.55163743887753,0.187778247589802,0.894363819769008
"390",0.993899999999999,0.24693057108967,1.07024662539196,0.196325239875223,1.06371812097707
"391",0.8808,0.365591412414071,1.11202861306797,0.221659400412353,0.979474802390268
"392",0.6315,0.185025647731326,1.3572697660984,0.0954993255756391,0.85711585729114
"393",0.8364,0.223104587665511,1.23871818599157,0.124444248911647,1.03606389076335
"394",0.6089,0.22805456698042,1.4764568704764,0.193815861630385,0.89901458843308
"395",0.7898,0.202599258955346,1.21787313066424,0.169751130576979,0.961876198598617
"396",0.5949,0.189346444001765,1.48010975710542,0.119364905706389,0.880517294502014
"397",1.182,0.0642246602819509,0.961922990170296,0.114972944434172,1.13699297438129
"398",0.8127,0.126510813122267,1.24160116577533,0.139060847116978,1.00904926742561
"399",0.481,0.620678139958583,1.61621488371501,0.274026541358328,0.77739935906692
"400",0.7825,0.27898818363197,1.2796481870191,0.222760721171866,1.00132470634245
"401",0.7918,0.200069944191927,1.14719278260415,0.162896125834099,0.908347245265966
"402",0.7049,0.277335270441465,1.23216205348652,0.166565584494187,0.868551031502648
"403",0.7589,0.0553146243789805,1.20276824466259,0.087074788076214,0.91278082087444
"404",0.8119,0.4496679355749,1.15348568998299,0.287642000806244,0.93651503169719
"405",0.6113,0.463013268925182,1.19852459245919,0.229913659020548,0.732658083370303
"406",0.7594,0.238789842915117,1.2800907089882,0.201655922934389,0.972100884405639
"407",0.7079,0.120618316944151,1.2428633468009,0.146914383796858,0.879822963200357
"408",0.5904,0.484802371796222,1.46024922623433,0.263626146817928,0.862131143168749
"409",1.045,0.0417990570545649,1.02830761018357,0.07174093407953,1.07458145264183
"410",0.8019,0.0668321891462131,1.22782439523638,0.081276278122792,0.984592382540053
"411",2.4761,0.0495789539975919,0.637613446760314,0.120063408722364,1.57879465552321
"412",0.821,0.404643754550694,1.2067627683591,0.245804792637761,0.990752232822821
"413",0.7746,0.140630490286208,1.18979377117028,0.17036415935936,0.921614255148499
"414",1.1863,0.0772153902267778,0.970640643796589,0.0956628892440412,1.15147099573589
"415",0.7139,0.0894018455536007,1.32328526132997,0.0926595905606308,0.944693348063465
"416",0.9151,0.0725236008471743,1.08629227229123,0.097717026879867,0.994066058373705
"417",2.1621,0.0501873805294104,0.563128907523494,0.100801311431519,1.21754101095655
"418",1.3174,0.378329166408293,0.84557851412114,0.24643155153982,1.11396513450319
"419",0.5871,0.181439110271694,1.32119649965211,0.148587476493507,0.775674464945754
"420",0.8597,0.0403211044643351,1.1728940149902,0.0845500993423431,1.00833698468708
"421",0.954399999999999,0.371994403918582,1.17041397777097,0.290963633805255,1.11704310038461
"422",0.6675,0.183555263482847,1.3333506404214,0.155313141157141,0.890011552481284
"423",0.8124,0.101160331379203,1.22544265677616,0.107494004083118,0.995549614364952
"424",0.8815,0.0917073307337308,1.10521678473706,0.12032963521813,0.974248595745718
"425",0.6564,0.411812797443524,1.35824766165916,0.24218616415261,0.891553765113073
"426",0.643,0.157680368782421,1.4139624055802,0.162859835951653,0.909177826788069
"427",0.7906,0.115527878272459,1.16512712036151,0.0965801503294269,0.92114950135781
"428",0.6555,0.255727016297238,1.3448786292954,0.21821137889142,0.881567941503135
"429",0.6044,0.279665894883635,1.47655814873515,0.211738771484815,0.892431745095525
"430",0.7964,0.413197150342441,1.20872502926586,0.281256370049639,0.962628613307331
"431",0.5874,0.0884616602143755,1.36624714281153,0.0979281041528574,0.802533571687493
"432",0.5372,0.210618979410271,1.55884618748377,0.161463318844843,0.837412171916281
"433",0.8338,0.0422063153049874,1.04702359136906,0.0721745298284582,0.873008270483522
"434",0.8008,0.464699916668088,1.25164518351547,0.226255771399475,1.00231746295919
"435",1.1168,0.0944894171416741,1.01334087357525,0.136715061032904,1.13169908760884
"436",0.9435,0.0871416073270435,1.07931361612994,0.0936754208904418,1.0183323968186
"437",0.8722,0.0785102540098848,1.18466837020569,0.113880428462223,1.0332677524934
"438",0.7866,0.628124306108747,1.25217955228538,0.292680164621987,0.98496443582768
"439",0.8511,0.0384246698381436,1.17388851129114,0.0678831529344888,0.999096511959889
"440",0.7337,0.346069594221328,1.20438401183423,0.25970081833249,0.883656549482775
"441",0.6343,0.139180006294778,1.32084548889015,0.0889533248282577,0.837812293603022
"442",0.8402,0.0339252501263477,1.18828672022274,0.0574978228805932,0.998398502331146
"443",0.4819,0.957672363972962,1.61507271379224,0.323005609643063,0.77830354077648
"444",0.6828,0.0615523314506561,1.35604064200668,0.0745466414925893,0.925904550362161
"445",0.4912,0.123068746658053,1.48552187005995,0.136178506671205,0.729688342573448
"446",0.4552,0.572404059688435,1.77548332624275,0.246095493452351,0.8082000101057
"447",0.5913,0.926914933753424,1.52329446738106,0.409275133826163,0.900724018562421
"448",0.953499999999999,0.0358379659076547,1.11097835572169,0.0555522270299975,1.05931786218063
"449",0.849299999999999,0.0980061883511173,1.13508086554573,0.109579325913041,0.964024179107987
"450",0.862599999999999,0.147218119792416,0.938987123826696,0.134155230810472,0.809970293012907
"451",0.4749,0.586834274234581,1.61023434713478,0.260963052812685,0.764700291454307
"452",0.5422,0.28793574985572,1.56330051104834,0.204514639263564,0.84762153709041
"453",0.6058,0.436368052559436,1.41729882478451,0.256402421909193,0.858599628054456
"454",0.6281,0.122520964328956,1.16581976057446,0.106822783462546,0.732251391616818
"455",0.7988,0.256378619973004,1.22452596833392,0.179353613296227,0.978151343505135
"456",0.7347,0.651819406315213,1.20846251736691,0.33343248765709,0.887857411509469
"457",0.5546,0.165133357250581,1.27978636385509,0.125987151026563,0.709769517394033
"458",0.4291,0.389207317675622,1.79069063032849,0.197516206447924,0.768385349473955
"459",0.6224,0.0377104552040658,1.32039352596832,0.0624597847250489,0.821812930562682
"460",0.6251,0.309603754282886,1.34267602078742,0.208594775787157,0.839306780594216
"461",0.4645,0.782574498848894,1.79751558111528,0.337769117719808,0.834945987428048
"462",0.7954,0.129947393654529,1.25264512285537,0.153226531442409,0.996353930719161
"463",0.6679,0.265393901956605,1.31806215014029,0.220023661049611,0.8803337100787
"464",0.5895,0.776028259612956,1.52958900702399,0.350964339986945,0.901692719640642
"465",0.5787,0.204099998026428,1.48142758150281,0.178515580873315,0.857302141415676
"466",0.566,0.346602090361562,1.50007262697361,0.17618920853959,0.849041106867063
"467",0.5627,0.131522578713639,1.42854850588631,0.0957402450754084,0.803844244262227
"468",2.262,0.0484677094257774,0.607124548050639,0.0665225096371462,1.37331572769055
"469",1.4545,0.194890886640386,0.748789216306054,0.126430143157868,1.08911391511716
"470",0.7669,0.0942708614237837,1.18735495420797,0.106684048225193,0.910582514382092
"471",0.6802,0.0801923916759068,1.2928712004295,0.0874198202264578,0.879410990532146
"472",0.7396,0.171901993906269,1.31620460616574,0.135546192574812,0.973464926720181
"473",0.9196,0.298779386758325,1.16053485100526,0.189138346229196,1.06722784898444
"474",1.1351,0.0482764172499163,0.980004189119493,0.0891921311749551,1.11240275506954
"475",0.6207,0.217473996918588,1.45923053117108,0.148035543077052,0.905744390697889
"476",0.4069,0.341900213629204,1.76943245946623,0.204344478207725,0.719982067756809
"477",0.6234,0.219210384557932,1.3792400821513,0.135244958180207,0.85981826721312
"478",0.6585,0.23765129360161,1.37439380391553,0.171678869757716,0.905038319878376
"479",0.6888,0.29133446562077,1.25314031213487,0.168301488340638,0.863163046998498
"480",0.6545,0.0511528489812099,1.10224685999202,0.0800605784963243,0.721420569864777
"481",0.9055,0.0872003844601869,1.16482134841513,0.0756360565082019,1.0547457309899
"482",0.5284,0.631507226676741,1.47518148905177,0.240542537561579,0.779485898814955
"483",0.6156,0.479650482592587,1.54333251411884,0.245418017922604,0.950075495691558
"484",0.7013,0.199458249962406,1.38878270997765,0.185529569029082,0.973953314507326
"485",0.7927,0.064175239474627,1.2535680154244,0.105327262045309,0.993703365826922
"486",0.415,0.402799507768862,1.66742852192069,0.209912421870317,0.691982836597086
"487",0.9228,0.0655551229892058,1.10593030319144,0.0788572095979334,1.02055248378506
"488",0.6357,0.149032304531029,1.38693987544229,0.123733701813403,0.881677678818664
"489",0.7497,0.082228377519677,1.2659810725677,0.12247157310005,0.949106010104005
"490",0.5369,0.674244278960237,1.44652238283626,0.343886088681853,0.776637867344788
"491",0.8066,0.360205661976931,1.25890329724448,0.29732867219869,1.0154313995574
"492",0.8327,0.477048000609244,1.14569794940492,0.326006891514012,0.954022682469477
"493",0.7676,0.0862731293360175,1.27769414822467,0.115609253030338,0.980758028177257
"494",0.5284,0.299118893080407,1.49261613494665,0.171304717389822,0.78869836570581
"495",0.4984,0.688822860496737,1.59338716353624,0.305566257906727,0.794144162306462
"496",0.7775,0.401707802946175,1.21865998989522,0.30634939285419,0.947508142143534
"497",1.4218,0.221971503196642,0.902711248902643,0.231928441811555,1.28347485368978
"498",0.4629,0.70077383629595,1.59078325207597,0.289235658549433,0.736373567385966
"499",0.7405,1.05262307525389,1.37856682965357,0.435742101224991,1.02082873735847
"500",0.7439,0.104864484961866,1.30930431365846,0.0856636760386968,0.973991478930528
"501",1.1274,0.248611842695862,1.05501265426844,0.228854435318178,1.18942126642224
"502",0.8136,0.430572553449857,1.44338642413589,0.316082658405432,1.17433919467696
"503",0.7472,0.391947006563486,1.20511486281797,0.274553640219228,0.900461825497587
"504",1.1399,0.312903147930908,1.06917546663525,0.191215550710816,1.21875311441752
"505",0.7539,0.69913661154678,1.23028813907563,0.316793700709571,0.927514228049117
"506",0.3857,0.373313606537738,1.67634773264299,0.171308173926212,0.646567320480401
"507",0.8372,0.157226369636249,1.26782763950012,0.116527785272753,1.0614252997895
